Type,Name,Description,File,Module/Class,Line Number,Severity,scattered_modules,improper_repeats,unstable_out,unstable_in,god_public_funcs,redundant_similarity,cycle_strength,LLM_difficulty_rule
Architectural,Scattered Functionality,"Function 'KMeans' appears in 3 modules: sklearn.cluster, cluster._kmeans, cluster",Unknown,"sklearn.cluster, cluster._kmeans, cluster",,medium,3.0,,,,,,,easy
Architectural,Scattered Functionality,"Function 'kmeans_plusplus' appears in 3 modules: sklearn.cluster, cluster._kmeans, cluster",Unknown,"sklearn.cluster, cluster._kmeans, cluster",,medium,3.0,,,,,,,easy
Architectural,Scattered Functionality,"Function 'make_estimator' appears in 10 modules: benchmarks.common, benchmarks.cluster, benchmarks.decomposition, benchmarks.ensemble, benchmarks.linear_model, benchmarks.manifold, benchmarks.model_selection, benchmarks.neighbors, benchmarks.svm, miscellaneous.plot_outlier_detection_bench","D:\scoala\RESEARCH_CODE_SMELLS\Dataset Projects\scikit-learn\asv_benchmarks\benchmarks\common.py, D:\scoala\RESEARCH_CODE_SMELLS\Dataset Projects\scikit-learn\asv_benchmarks\benchmarks\cluster.py, D:\scoala\RESEARCH_CODE_SMELLS\Dataset Projects\scikit-learn\asv_benchmarks\benchmarks\decomposition.py, D:\scoala\RESEARCH_CODE_SMELLS\Dataset Projects\scikit-learn\asv_benchmarks\benchmarks\ensemble.py, D:\scoala\RESEARCH_CODE_SMELLS\Dataset Projects\scikit-learn\asv_benchmarks\benchmarks\linear_model.py, D:\scoala\RESEARCH_CODE_SMELLS\Dataset Projects\scikit-learn\asv_benchmarks\benchmarks\manifold.py, D:\scoala\RESEARCH_CODE_SMELLS\Dataset Projects\scikit-learn\asv_benchmarks\benchmarks\model_selection.py, D:\scoala\RESEARCH_CODE_SMELLS\Dataset Projects\scikit-learn\asv_benchmarks\benchmarks\neighbors.py, D:\scoala\RESEARCH_CODE_SMELLS\Dataset Projects\scikit-learn\asv_benchmarks\benchmarks\svm.py","benchmarks.common, benchmarks.cluster, benchmarks.decomposition, benchmarks.ensemble, benchmarks.linear_model, benchmarks.manifold, benchmarks.model_selection, benchmarks.neighbors, benchmarks.svm, miscellaneous.plot_outlier_detection_bench",,medium,10.0,,,,,,,hard
Architectural,Scattered Functionality,"Function 'setup_cache' appears in 9 modules: benchmarks.common, benchmarks.cluster, benchmarks.decomposition, benchmarks.ensemble, benchmarks.linear_model, benchmarks.manifold, benchmarks.model_selection, benchmarks.neighbors, benchmarks.svm","D:\scoala\RESEARCH_CODE_SMELLS\Dataset Projects\scikit-learn\asv_benchmarks\benchmarks\common.py, D:\scoala\RESEARCH_CODE_SMELLS\Dataset Projects\scikit-learn\asv_benchmarks\benchmarks\cluster.py, D:\scoala\RESEARCH_CODE_SMELLS\Dataset Projects\scikit-learn\asv_benchmarks\benchmarks\decomposition.py, D:\scoala\RESEARCH_CODE_SMELLS\Dataset Projects\scikit-learn\asv_benchmarks\benchmarks\ensemble.py, D:\scoala\RESEARCH_CODE_SMELLS\Dataset Projects\scikit-learn\asv_benchmarks\benchmarks\linear_model.py, D:\scoala\RESEARCH_CODE_SMELLS\Dataset Projects\scikit-learn\asv_benchmarks\benchmarks\manifold.py, D:\scoala\RESEARCH_CODE_SMELLS\Dataset Projects\scikit-learn\asv_benchmarks\benchmarks\model_selection.py, D:\scoala\RESEARCH_CODE_SMELLS\Dataset Projects\scikit-learn\asv_benchmarks\benchmarks\neighbors.py, D:\scoala\RESEARCH_CODE_SMELLS\Dataset Projects\scikit-learn\asv_benchmarks\benchmarks\svm.py","benchmarks.common, benchmarks.cluster, benchmarks.decomposition, benchmarks.ensemble, benchmarks.linear_model, benchmarks.manifold, benchmarks.model_selection, benchmarks.neighbors, benchmarks.svm",,medium,9.0,,,,,,,hard
Architectural,Scattered Functionality,"Function 'make_data' appears in 11 modules: benchmarks.common, benchmarks.cluster, benchmarks.decomposition, benchmarks.ensemble, benchmarks.linear_model, benchmarks.manifold, benchmarks.model_selection, benchmarks.neighbors, benchmarks.svm, classification.plot_lda_qda, cluster.plot_kmeans_stability_low_dim_dense","D:\scoala\RESEARCH_CODE_SMELLS\Dataset Projects\scikit-learn\asv_benchmarks\benchmarks\common.py, D:\scoala\RESEARCH_CODE_SMELLS\Dataset Projects\scikit-learn\asv_benchmarks\benchmarks\cluster.py, D:\scoala\RESEARCH_CODE_SMELLS\Dataset Projects\scikit-learn\asv_benchmarks\benchmarks\decomposition.py, D:\scoala\RESEARCH_CODE_SMELLS\Dataset Projects\scikit-learn\asv_benchmarks\benchmarks\ensemble.py, D:\scoala\RESEARCH_CODE_SMELLS\Dataset Projects\scikit-learn\asv_benchmarks\benchmarks\linear_model.py, D:\scoala\RESEARCH_CODE_SMELLS\Dataset Projects\scikit-learn\asv_benchmarks\benchmarks\manifold.py, D:\scoala\RESEARCH_CODE_SMELLS\Dataset Projects\scikit-learn\asv_benchmarks\benchmarks\model_selection.py, D:\scoala\RESEARCH_CODE_SMELLS\Dataset Projects\scikit-learn\asv_benchmarks\benchmarks\neighbors.py, D:\scoala\RESEARCH_CODE_SMELLS\Dataset Projects\scikit-learn\asv_benchmarks\benchmarks\svm.py","benchmarks.common, benchmarks.cluster, benchmarks.decomposition, benchmarks.ensemble, benchmarks.linear_model, benchmarks.manifold, benchmarks.model_selection, benchmarks.neighbors, benchmarks.svm, classification.plot_lda_qda, cluster.plot_kmeans_stability_low_dim_dense",,medium,11.0,,,,,,,hard
Architectural,Scattered Functionality,"Function 'make_scorers' appears in 8 modules: benchmarks.cluster, benchmarks.decomposition, benchmarks.ensemble, benchmarks.linear_model, benchmarks.manifold, benchmarks.model_selection, benchmarks.neighbors, benchmarks.svm","D:\scoala\RESEARCH_CODE_SMELLS\Dataset Projects\scikit-learn\asv_benchmarks\benchmarks\cluster.py, D:\scoala\RESEARCH_CODE_SMELLS\Dataset Projects\scikit-learn\asv_benchmarks\benchmarks\decomposition.py, D:\scoala\RESEARCH_CODE_SMELLS\Dataset Projects\scikit-learn\asv_benchmarks\benchmarks\ensemble.py, D:\scoala\RESEARCH_CODE_SMELLS\Dataset Projects\scikit-learn\asv_benchmarks\benchmarks\linear_model.py, D:\scoala\RESEARCH_CODE_SMELLS\Dataset Projects\scikit-learn\asv_benchmarks\benchmarks\manifold.py, D:\scoala\RESEARCH_CODE_SMELLS\Dataset Projects\scikit-learn\asv_benchmarks\benchmarks\model_selection.py, D:\scoala\RESEARCH_CODE_SMELLS\Dataset Projects\scikit-learn\asv_benchmarks\benchmarks\neighbors.py, D:\scoala\RESEARCH_CODE_SMELLS\Dataset Projects\scikit-learn\asv_benchmarks\benchmarks\svm.py","benchmarks.cluster, benchmarks.decomposition, benchmarks.ensemble, benchmarks.linear_model, benchmarks.manifold, benchmarks.model_selection, benchmarks.neighbors, benchmarks.svm",,medium,8.0,,,,,,,hard
Architectural,Scattered Functionality,"Function 'make_blobs' appears in 4 modules: sklearn.datasets, sklearn.datasets._samples_generator, datasets._samples_generator, datasets",Unknown,"sklearn.datasets, sklearn.datasets._samples_generator, datasets._samples_generator, datasets",,medium,4.0,,,,,,,easy
Architectural,Scattered Functionality,"Function 'make_classification' appears in 3 modules: sklearn.datasets, datasets._samples_generator, datasets",Unknown,"sklearn.datasets, datasets._samples_generator, datasets",,medium,3.0,,,,,,,easy
Architectural,Scattered Functionality,"Function 'make_multilabel_classification' appears in 3 modules: sklearn.datasets, datasets._samples_generator, datasets",Unknown,"sklearn.datasets, datasets._samples_generator, datasets",,medium,3.0,,,,,,,easy
Architectural,Scattered Functionality,"Function 'load_iris' appears in 3 modules: sklearn.datasets, datasets._base, datasets",Unknown,"sklearn.datasets, datasets._base, datasets",,medium,3.0,,,,,,,easy
Architectural,Scattered Functionality,"Function 'make_regression' appears in 3 modules: sklearn.datasets, datasets._samples_generator, datasets",Unknown,"sklearn.datasets, datasets._samples_generator, datasets",,medium,3.0,,,,,,,easy
Architectural,Scattered Functionality,"Function 'randomized_svd' appears in 3 modules: sklearn.decomposition, sklearn.utils.extmath, utils.extmath",Unknown,"sklearn.decomposition, sklearn.utils.extmath, utils.extmath",,medium,3.0,,,,,,,easy
Architectural,Scattered Functionality,"Function 'PCA' appears in 3 modules: sklearn.decomposition, decomposition._pca, decomposition",Unknown,"sklearn.decomposition, decomposition._pca, decomposition",,medium,3.0,,,,,,,easy
Architectural,Scattered Functionality,"Function 'KernelPCA' appears in 3 modules: sklearn.decomposition, decomposition._kernel_pca, decomposition",Unknown,"sklearn.decomposition, decomposition._kernel_pca, decomposition",,medium,3.0,,,,,,,easy
Architectural,Scattered Functionality,"Function 'KFold' appears in 3 modules: sklearn.model_selection, model_selection, model_selection._split",Unknown,"sklearn.model_selection, model_selection, model_selection._split",,medium,3.0,,,,,,,easy
Architectural,Scattered Functionality,"Function 'cross_val_predict' appears in 3 modules: sklearn.model_selection, model_selection, model_selection._validation",Unknown,"sklearn.model_selection, model_selection, model_selection._validation",,medium,3.0,,,,,,,easy
Architectural,Scattered Functionality,"Function 'check_cv' appears in 3 modules: sklearn.model_selection, model_selection, model_selection._split",Unknown,"sklearn.model_selection, model_selection, model_selection._split",,medium,3.0,,,,,,,easy
Architectural,Scattered Functionality,"Function 'LeaveOneGroupOut' appears in 3 modules: sklearn.model_selection, model_selection, model_selection._split",Unknown,"sklearn.model_selection, model_selection, model_selection._split",,medium,3.0,,,,,,,easy
Architectural,Scattered Functionality,"Function 'ShuffleSplit' appears in 3 modules: sklearn.model_selection, model_selection, model_selection._split",Unknown,"sklearn.model_selection, model_selection, model_selection._split",,medium,3.0,,,,,,,easy
Architectural,Scattered Functionality,"Function 'cross_val_score' appears in 3 modules: sklearn.model_selection, model_selection, model_selection._validation",Unknown,"sklearn.model_selection, model_selection, model_selection._validation",,medium,3.0,,,,,,,easy
Architectural,Scattered Functionality,"Function 'train_test_split' appears in 3 modules: sklearn.model_selection, model_selection, model_selection._split",Unknown,"sklearn.model_selection, model_selection, model_selection._split",,medium,3.0,,,,,,,easy
Architectural,Scattered Functionality,"Function 'StratifiedShuffleSplit' appears in 3 modules: sklearn.model_selection, model_selection, model_selection._split",Unknown,"sklearn.model_selection, model_selection, model_selection._split",,medium,3.0,,,,,,,easy
Architectural,Scattered Functionality,"Function 'StratifiedKFold' appears in 3 modules: sklearn.model_selection, model_selection, model_selection._split",Unknown,"sklearn.model_selection, model_selection, model_selection._split",,medium,3.0,,,,,,,easy
Architectural,Scattered Functionality,"Function 'GridSearchCV' appears in 3 modules: sklearn.model_selection, model_selection, model_selection._search",Unknown,"sklearn.model_selection, model_selection, model_selection._search",,medium,3.0,,,,,,,easy
Architectural,Scattered Functionality,"Function 'label_binarize' appears in 4 modules: sklearn.preprocessing, preprocessing, preprocessing._label, sklearn.preprocessing._label",Unknown,"sklearn.preprocessing, preprocessing, preprocessing._label, sklearn.preprocessing._label",,medium,4.0,,,,,,,easy
Architectural,Scattered Functionality,"Function 'KernelCenterer' appears in 3 modules: sklearn.preprocessing, preprocessing, preprocessing._data",Unknown,"sklearn.preprocessing, preprocessing, preprocessing._data",,medium,3.0,,,,,,,easy
Architectural,Scattered Functionality,"Function 'LabelBinarizer' appears in 4 modules: sklearn.preprocessing, preprocessing, preprocessing._label, sklearn.preprocessing._label",Unknown,"sklearn.preprocessing, preprocessing, preprocessing._label, sklearn.preprocessing._label",,medium,4.0,,,,,,,easy
Architectural,Scattered Functionality,"Function 'normalize' appears in 3 modules: sklearn.preprocessing, preprocessing, preprocessing._data",Unknown,"sklearn.preprocessing, preprocessing, preprocessing._data",,medium,3.0,,,,,,,easy
Architectural,Scattered Functionality,"Function 'OrdinalEncoder' appears in 3 modules: sklearn.preprocessing, preprocessing, preprocessing._encoders",Unknown,"sklearn.preprocessing, preprocessing, preprocessing._encoders",,medium,3.0,,,,,,,easy
Architectural,Scattered Functionality,"Function 'OneHotEncoder' appears in 3 modules: sklearn.preprocessing, preprocessing, preprocessing._encoders",Unknown,"sklearn.preprocessing, preprocessing, preprocessing._encoders",,medium,3.0,,,,,,,easy
Architectural,Scattered Functionality,"Function 'FunctionTransformer' appears in 3 modules: sklearn.preprocessing, preprocessing, preprocessing._function_transformer",Unknown,"sklearn.preprocessing, preprocessing, preprocessing._function_transformer",,medium,3.0,,,,,,,easy
Architectural,Scattered Functionality,"Function 'scale' appears in 3 modules: sklearn.preprocessing, preprocessing, preprocessing._data",Unknown,"sklearn.preprocessing, preprocessing, preprocessing._data",,medium,3.0,,,,,,,easy
Architectural,Scattered Functionality,"Function 'LabelEncoder' appears in 4 modules: sklearn.preprocessing, preprocessing, preprocessing._label, sklearn.preprocessing._label",Unknown,"sklearn.preprocessing, preprocessing, preprocessing._label, sklearn.preprocessing._label",,medium,4.0,,,,,,,easy
Architectural,Scattered Functionality,"Function 'StandardScaler' appears in 3 modules: sklearn.preprocessing, preprocessing, preprocessing._data",Unknown,"sklearn.preprocessing, preprocessing, preprocessing._data",,medium,3.0,,,,,,,easy
Architectural,Scattered Functionality,"Function 'RandomForestRegressor' appears in 3 modules: sklearn.ensemble, ensemble._forest, ensemble",Unknown,"sklearn.ensemble, ensemble._forest, ensemble",,medium,3.0,,,,,,,easy
Architectural,Scattered Functionality,"Function 'LogisticRegressionCV' appears in 3 modules: sklearn.linear_model, linear_model._logistic, sklearn.linear_model._logistic",Unknown,"sklearn.linear_model, linear_model._logistic, sklearn.linear_model._logistic",,medium,3.0,,,,,,,easy
Architectural,Scattered Functionality,"Function 'TweedieRegressor' appears in 3 modules: sklearn.linear_model, linear_model._glm, _glm.glm",Unknown,"sklearn.linear_model, linear_model._glm, _glm.glm",,medium,3.0,,,,,,,easy
Architectural,Scattered Functionality,"Function 'SGDOneClassSVM' appears in 2 modules: sklearn.linear_model, linear_model._stochastic_gradient",Unknown,"sklearn.linear_model, linear_model._stochastic_gradient",,medium,2.0,,,,,,,easy
Architectural,Scattered Functionality,"Function 'lars_path_gram' appears in 3 modules: sklearn.linear_model, linear_model, linear_model._least_angle",Unknown,"sklearn.linear_model, linear_model, linear_model._least_angle",,medium,3.0,,,,,,,easy
Architectural,Scattered Functionality,"Function 'LinearRegression' appears in 3 modules: sklearn.linear_model, linear_model, linear_model._base",Unknown,"sklearn.linear_model, linear_model, linear_model._base",,medium,3.0,,,,,,,easy
Architectural,Scattered Functionality,"Function 'RidgeCV' appears in 3 modules: sklearn.linear_model, linear_model, linear_model._ridge",Unknown,"sklearn.linear_model, linear_model, linear_model._ridge",,medium,3.0,,,,,,,easy
Architectural,Scattered Functionality,"Function 'Lasso' appears in 4 modules: sklearn.linear_model, glmnet.elastic_net, linear_model, linear_model._coordinate_descent",Unknown,"sklearn.linear_model, glmnet.elastic_net, linear_model, linear_model._coordinate_descent",,medium,4.0,,,,,,,easy
Architectural,Scattered Functionality,"Function 'PoissonRegressor' appears in 3 modules: sklearn.linear_model, linear_model._glm, _glm.glm",Unknown,"sklearn.linear_model, linear_model._glm, _glm.glm",,medium,3.0,,,,,,,easy
Architectural,Scattered Functionality,"Function 'orthogonal_mp_gram' appears in 3 modules: sklearn.linear_model, linear_model, linear_model._omp",Unknown,"sklearn.linear_model, linear_model, linear_model._omp",,medium,3.0,,,,,,,easy
Architectural,Scattered Functionality,"Function 'Lars' appears in 3 modules: sklearn.linear_model, linear_model, linear_model._least_angle",Unknown,"sklearn.linear_model, linear_model, linear_model._least_angle",,medium,3.0,,,,,,,easy
Architectural,Scattered Functionality,"Function 'SGDClassifier' appears in 2 modules: sklearn.linear_model, linear_model._stochastic_gradient",Unknown,"sklearn.linear_model, linear_model._stochastic_gradient",,medium,2.0,,,,,,,easy
Architectural,Scattered Functionality,"Function 'SGDRegressor' appears in 2 modules: sklearn.linear_model, linear_model._stochastic_gradient",Unknown,"sklearn.linear_model, linear_model._stochastic_gradient",,medium,2.0,,,,,,,easy
Architectural,Scattered Functionality,"Function 'ridge_regression' appears in 3 modules: sklearn.linear_model, linear_model, linear_model._ridge",Unknown,"sklearn.linear_model, linear_model, linear_model._ridge",,medium,3.0,,,,,,,easy
Architectural,Scattered Functionality,"Function 'BayesianRidge' appears in 3 modules: sklearn.linear_model, linear_model, linear_model._bayes",Unknown,"sklearn.linear_model, linear_model, linear_model._bayes",,medium,3.0,,,,,,,easy
Architectural,Scattered Functionality,"Function 'LassoLars' appears in 3 modules: sklearn.linear_model, linear_model, linear_model._least_angle",Unknown,"sklearn.linear_model, linear_model, linear_model._least_angle",,medium,3.0,,,,,,,easy
Architectural,Scattered Functionality,"Function 'LogisticRegression' appears in 4 modules: sklearn.linear_model, linear_model, linear_model._logistic, sklearn.linear_model._logistic",Unknown,"sklearn.linear_model, linear_model, linear_model._logistic, sklearn.linear_model._logistic",,medium,4.0,,,,,,,easy
Architectural,Scattered Functionality,"Function 'GammaRegressor' appears in 3 modules: sklearn.linear_model, linear_model._glm, _glm.glm",Unknown,"sklearn.linear_model, linear_model._glm, _glm.glm",,medium,3.0,,,,,,,easy
Architectural,Scattered Functionality,"Function 'pairwise_distances' appears in 5 modules: sklearn.metrics.pairwise, sklearn.metrics, metrics, metrics.pairwise, pairwise",Unknown,"sklearn.metrics.pairwise, sklearn.metrics, metrics, metrics.pairwise, pairwise",,medium,5.0,,,,,,,medium
Architectural,Scattered Functionality,"Function 'pairwise_distances_chunked' appears in 4 modules: sklearn.metrics.pairwise, metrics, metrics.pairwise, pairwise",Unknown,"sklearn.metrics.pairwise, metrics, metrics.pairwise, pairwise",,medium,4.0,,,,,,,easy
Architectural,Scattered Functionality,"Function 'pairwise_distances_argmin' appears in 4 modules: sklearn.metrics.pairwise, sklearn.metrics, metrics, metrics.pairwise",Unknown,"sklearn.metrics.pairwise, sklearn.metrics, metrics, metrics.pairwise",,medium,4.0,,,,,,,easy
Architectural,Scattered Functionality,"Function 'euclidean_distances' appears in 5 modules: sklearn.metrics.pairwise, sklearn.metrics, benchmarks.bench_plot_parallel_pairwise, metrics, metrics.pairwise",Unknown,"sklearn.metrics.pairwise, sklearn.metrics, benchmarks.bench_plot_parallel_pairwise, metrics, metrics.pairwise",,medium,5.0,,,,,,,medium
Architectural,Scattered Functionality,"Function 'NearestNeighbors' appears in 3 modules: sklearn.neighbors, neighbors, neighbors._unsupervised",Unknown,"sklearn.neighbors, neighbors, neighbors._unsupervised",,medium,3.0,,,,,,,easy
Architectural,Scattered Functionality,"Function 'BallTree' appears in 4 modules: sklearn.neighbors, neighbors, neighbors._ball_tree, sklearn.neighbors._ball_tree",Unknown,"sklearn.neighbors, neighbors, neighbors._ball_tree, sklearn.neighbors._ball_tree",,medium,4.0,,,,,,,easy
Architectural,Scattered Functionality,"Function 'KDTree' appears in 4 modules: sklearn.neighbors, neighbors, neighbors._kd_tree, sklearn.neighbors._kd_tree",Unknown,"sklearn.neighbors, neighbors, neighbors._kd_tree, sklearn.neighbors._kd_tree",,medium,4.0,,,,,,,easy
Architectural,Scattered Functionality,"Function 'kneighbors_graph' appears in 4 modules: sklearn.neighbors, neighbors, neighbors._base, neighbors._graph",Unknown,"sklearn.neighbors, neighbors, neighbors._base, neighbors._graph",,medium,4.0,,,,,,,easy
Architectural,Scattered Functionality,"Function 'l1_min_c' appears in 3 modules: sklearn.svm, svm._bounds, sklearn.svm._bounds",Unknown,"sklearn.svm, svm._bounds, sklearn.svm._bounds",,medium,3.0,,,,,,,easy
Architectural,Scattered Functionality,"Function 'det_curve' appears in 3 modules: sklearn.metrics, metrics._ranking, _ranking",Unknown,"sklearn.metrics, metrics._ranking, _ranking",,medium,3.0,,,,,,,easy
Architectural,Scattered Functionality,"Function 'v_measure_score' appears in 4 modules: sklearn.metrics, sklearn.metrics.cluster, metrics.cluster, cluster._supervised",Unknown,"sklearn.metrics, sklearn.metrics.cluster, metrics.cluster, cluster._supervised",,medium,4.0,,,,,,,easy
Architectural,Scattered Functionality,"Function 'make_scorer' appears in 3 modules: sklearn.metrics, metrics._scorer, sklearn.metrics._scorer",Unknown,"sklearn.metrics, metrics._scorer, sklearn.metrics._scorer",,medium,3.0,,,,,,,easy
Architectural,Scattered Functionality,"Function 'mean_squared_error' appears in 4 modules: sklearn.metrics, metrics._regression, sklearn.metrics._regression, sklearn.metrics._scorer",Unknown,"sklearn.metrics, metrics._regression, sklearn.metrics._regression, sklearn.metrics._scorer",,medium,4.0,,,,,,,easy
Architectural,Scattered Functionality,"Function 'r2_score' appears in 3 modules: sklearn.metrics, metrics, metrics._regression",Unknown,"sklearn.metrics, metrics, metrics._regression",,medium,3.0,,,,,,,easy
Architectural,Scattered Functionality,"Function 'f1_score' appears in 3 modules: sklearn.metrics, metrics, metrics._classification",Unknown,"sklearn.metrics, metrics, metrics._classification",,medium,3.0,,,,,,,easy
Architectural,Scattered Functionality,"Function 'get_scorer_names' appears in 3 modules: sklearn.metrics, metrics, metrics._scorer",Unknown,"sklearn.metrics, metrics, metrics._scorer",,medium,3.0,,,,,,,easy
Architectural,Scattered Functionality,"Function 'precision_recall_curve' appears in 3 modules: sklearn.metrics, metrics._ranking, _ranking",Unknown,"sklearn.metrics, metrics._ranking, _ranking",,medium,3.0,,,,,,,easy
Architectural,Scattered Functionality,"Function 'fowlkes_mallows_score' appears in 4 modules: sklearn.metrics, sklearn.metrics.cluster, metrics.cluster, cluster._supervised",Unknown,"sklearn.metrics, sklearn.metrics.cluster, metrics.cluster, cluster._supervised",,medium,4.0,,,,,,,easy
Architectural,Scattered Functionality,"Function 'adjusted_rand_score' appears in 5 modules: sklearn.metrics, sklearn.metrics.cluster, metrics, metrics.cluster, cluster._supervised",Unknown,"sklearn.metrics, sklearn.metrics.cluster, metrics, metrics.cluster, cluster._supervised",,medium,5.0,,,,,,,medium
Architectural,Scattered Functionality,"Function 'check_scoring' appears in 3 modules: sklearn.metrics, metrics, metrics._scorer",Unknown,"sklearn.metrics, metrics, metrics._scorer",,medium,3.0,,,,,,,easy
Architectural,Scattered Functionality,"Function 'silhouette_score' appears in 4 modules: sklearn.metrics, sklearn.metrics.cluster, metrics.cluster, cluster._unsupervised",Unknown,"sklearn.metrics, sklearn.metrics.cluster, metrics.cluster, cluster._unsupervised",,medium,4.0,,,,,,,easy
Architectural,Scattered Functionality,"Function 'silhouette_samples' appears in 4 modules: sklearn.metrics, sklearn.metrics.cluster, metrics.cluster, cluster._unsupervised",Unknown,"sklearn.metrics, sklearn.metrics.cluster, metrics.cluster, cluster._unsupervised",,medium,4.0,,,,,,,easy
Architectural,Scattered Functionality,"Function 'completeness_score' appears in 4 modules: sklearn.metrics, sklearn.metrics.cluster, metrics.cluster, cluster._supervised",Unknown,"sklearn.metrics, sklearn.metrics.cluster, metrics.cluster, cluster._supervised",,medium,4.0,,,,,,,easy
Architectural,Scattered Functionality,"Function 'DistanceMetric' appears in 5 modules: sklearn.metrics, metrics, metrics._dist_metrics, sklearn.metrics._dist_metrics, _dist_metrics",Unknown,"sklearn.metrics, metrics, metrics._dist_metrics, sklearn.metrics._dist_metrics, _dist_metrics",,medium,5.0,,,,,,,medium
Architectural,Scattered Functionality,"Function 'consensus_score' appears in 3 modules: sklearn.metrics, cluster._bicluster, metrics.cluster",Unknown,"sklearn.metrics, cluster._bicluster, metrics.cluster",,medium,3.0,,,,,,,easy
Architectural,Scattered Functionality,"Function 'accuracy_score' appears in 3 modules: sklearn.metrics, metrics, metrics._classification",Unknown,"sklearn.metrics, metrics, metrics._classification",,medium,3.0,,,,,,,easy
Architectural,Scattered Functionality,"Function 'get_scorer' appears in 3 modules: sklearn.metrics, metrics, metrics._scorer",Unknown,"sklearn.metrics, metrics, metrics._scorer",,medium,3.0,,,,,,,easy
Architectural,Scattered Functionality,"Function 'normalized_mutual_info_score' appears in 4 modules: sklearn.metrics, sklearn.metrics.cluster, metrics.cluster, cluster._supervised",Unknown,"sklearn.metrics, sklearn.metrics.cluster, metrics.cluster, cluster._supervised",,medium,4.0,,,,,,,easy
Architectural,Scattered Functionality,"Function 'log_loss' appears in 4 modules: sklearn.metrics, metrics._classification, neural_network._base, sklearn.neural_network._base",Unknown,"sklearn.metrics, metrics._classification, neural_network._base, sklearn.neural_network._base",,medium,4.0,,,,,,,easy
Architectural,Scattered Functionality,"Function 'average_precision_score' appears in 3 modules: sklearn.metrics, metrics._ranking, _ranking",Unknown,"sklearn.metrics, metrics._ranking, _ranking",,medium,3.0,,,,,,,easy
Architectural,Scattered Functionality,"Function 'fit' appears in 121 modules: sklearn.dummy, sklearn.naive_bayes, benchmarks.bench_hist_gradient_boosting_adult, benchmarks.bench_hist_gradient_boosting_categorical_only, benchmarks.bench_hist_gradient_boosting_higgsboson, sklearn.isotonic, sklearn.kernel_approximation, sklearn.pipeline, benchmarks.bench_plot_nmf, sklearn.random_projection, sklearn.multiclass, sklearn.calibration, calibration.plot_calibration_curve, calibration.plot_compare_calibration, sklearn.discriminant_analysis, cluster.plot_inductive_clustering, developing_estimators.sklearn_is_fitted, sklearn.multioutput, sklearn.kernel_ridge, miscellaneous.plot_metadata_routing, neighbors.approximate_nearest_neighbors, cluster._affinity_propagation, cluster._agglomerative, cluster._kmeans, cluster._bicluster, cluster._birch, cluster._bisect_k_means, cluster._dbscan, cluster._mean_shift, cluster._optics, manifold._spectral_embedding, cluster._spectral, _hdbscan.hdbscan, compose._column_transformer, compose._target, covariance._robust_covariance, covariance._elliptic_envelope, covariance._empirical_covariance, covariance._graph_lasso, covariance._shrunk_covariance, cross_decomposition._pls, feature_extraction.text, decomposition._base, decomposition._dict_learning, decomposition._factor_analysis, decomposition._fastica, decomposition._incremental_pca, decomposition._kernel_pca, decomposition._lda, decomposition._nmf, decomposition._pca, decomposition._sparse_pca, decomposition._truncated_svd, ensemble._bagging, ensemble._forest, ensemble._gb, ensemble._iforest, ensemble._stacking, ensemble._voting, ensemble._weight_boosting, _hist_gradient_boosting.binning, _hist_gradient_boosting.gradient_boosting, model_selection._search_successive_halving, impute._iterative, feature_extraction.image, feature_extraction._hash, feature_extraction._dict_vectorizer, feature_selection._from_model, feature_selection._rfe, feature_selection._sequential, feature_selection._univariate_selection, feature_selection._variance_threshold, frozen._frozen, gaussian_process._gpc, preprocessing._data, gaussian_process._gpr, impute._base, impute._knn, linear_model._base, linear_model._bayes, linear_model._coordinate_descent, linear_model._huber, linear_model._least_angle, svm._base, linear_model._logistic, linear_model._omp, linear_model._stochastic_gradient, linear_model._passive_aggressive, linear_model._quantile, linear_model._ransac, linear_model._ridge, linear_model._theil_sen, _glm.glm, manifold._isomap, manifold._locally_linear, manifold._mds, manifold._t_sne, mixture._base, model_selection._classification_threshold, model_selection._search, neighbors._classification, neighbors._unsupervised, neighbors._graph, neighbors._kde, neighbors._lof, neighbors._nca, neighbors._nearest_centroid, neighbors._regression, neural_network._multilayer_perceptron, neural_network._rbm, preprocessing._encoders, preprocessing._discretization, preprocessing._function_transformer, preprocessing._label, preprocessing._polynomial, preprocessing._target_encoder, semi_supervised._label_propagation, semi_supervised._self_training, svm._classes, tree._classes, utils._mocking","D:\scoala\RESEARCH_CODE_SMELLS\Dataset Projects\scikit-learn\sklearn\dummy.py, D:\scoala\RESEARCH_CODE_SMELLS\Dataset Projects\scikit-learn\sklearn\naive_bayes.py, D:\scoala\RESEARCH_CODE_SMELLS\Dataset Projects\scikit-learn\benchmarks\bench_hist_gradient_boosting_adult.py, D:\scoala\RESEARCH_CODE_SMELLS\Dataset Projects\scikit-learn\benchmarks\bench_hist_gradient_boosting_categorical_only.py, D:\scoala\RESEARCH_CODE_SMELLS\Dataset Projects\scikit-learn\benchmarks\bench_hist_gradient_boosting_higgsboson.py, D:\scoala\RESEARCH_CODE_SMELLS\Dataset Projects\scikit-learn\sklearn\isotonic.py, D:\scoala\RESEARCH_CODE_SMELLS\Dataset Projects\scikit-learn\sklearn\kernel_approximation.py, D:\scoala\RESEARCH_CODE_SMELLS\Dataset Projects\scikit-learn\sklearn\pipeline.py, D:\scoala\RESEARCH_CODE_SMELLS\Dataset Projects\scikit-learn\benchmarks\bench_plot_nmf.py, D:\scoala\RESEARCH_CODE_SMELLS\Dataset Projects\scikit-learn\sklearn\random_projection.py, D:\scoala\RESEARCH_CODE_SMELLS\Dataset Projects\scikit-learn\sklearn\multiclass.py, D:\scoala\RESEARCH_CODE_SMELLS\Dataset Projects\scikit-learn\sklearn\calibration.py, D:\scoala\RESEARCH_CODE_SMELLS\Dataset Projects\scikit-learn\sklearn\discriminant_analysis.py, D:\scoala\RESEARCH_CODE_SMELLS\Dataset Projects\scikit-learn\sklearn\multioutput.py, D:\scoala\RESEARCH_CODE_SMELLS\Dataset Projects\scikit-learn\sklearn\kernel_ridge.py","sklearn.dummy, sklearn.naive_bayes, benchmarks.bench_hist_gradient_boosting_adult, benchmarks.bench_hist_gradient_boosting_categorical_only, benchmarks.bench_hist_gradient_boosting_higgsboson, sklearn.isotonic, sklearn.kernel_approximation, sklearn.pipeline, benchmarks.bench_plot_nmf, sklearn.random_projection, sklearn.multiclass, sklearn.calibration, calibration.plot_calibration_curve, calibration.plot_compare_calibration, sklearn.discriminant_analysis, cluster.plot_inductive_clustering, developing_estimators.sklearn_is_fitted, sklearn.multioutput, sklearn.kernel_ridge, miscellaneous.plot_metadata_routing, neighbors.approximate_nearest_neighbors, cluster._affinity_propagation, cluster._agglomerative, cluster._kmeans, cluster._bicluster, cluster._birch, cluster._bisect_k_means, cluster._dbscan, cluster._mean_shift, cluster._optics, manifold._spectral_embedding, cluster._spectral, _hdbscan.hdbscan, compose._column_transformer, compose._target, covariance._robust_covariance, covariance._elliptic_envelope, covariance._empirical_covariance, covariance._graph_lasso, covariance._shrunk_covariance, cross_decomposition._pls, feature_extraction.text, decomposition._base, decomposition._dict_learning, decomposition._factor_analysis, decomposition._fastica, decomposition._incremental_pca, decomposition._kernel_pca, decomposition._lda, decomposition._nmf, decomposition._pca, decomposition._sparse_pca, decomposition._truncated_svd, ensemble._bagging, ensemble._forest, ensemble._gb, ensemble._iforest, ensemble._stacking, ensemble._voting, ensemble._weight_boosting, _hist_gradient_boosting.binning, _hist_gradient_boosting.gradient_boosting, model_selection._search_successive_halving, impute._iterative, feature_extraction.image, feature_extraction._hash, feature_extraction._dict_vectorizer, feature_selection._from_model, feature_selection._rfe, feature_selection._sequential, feature_selection._univariate_selection, feature_selection._variance_threshold, frozen._frozen, gaussian_process._gpc, preprocessing._data, gaussian_process._gpr, impute._base, impute._knn, linear_model._base, linear_model._bayes, linear_model._coordinate_descent, linear_model._huber, linear_model._least_angle, svm._base, linear_model._logistic, linear_model._omp, linear_model._stochastic_gradient, linear_model._passive_aggressive, linear_model._quantile, linear_model._ransac, linear_model._ridge, linear_model._theil_sen, _glm.glm, manifold._isomap, manifold._locally_linear, manifold._mds, manifold._t_sne, mixture._base, model_selection._classification_threshold, model_selection._search, neighbors._classification, neighbors._unsupervised, neighbors._graph, neighbors._kde, neighbors._lof, neighbors._nca, neighbors._nearest_centroid, neighbors._regression, neural_network._multilayer_perceptron, neural_network._rbm, preprocessing._encoders, preprocessing._discretization, preprocessing._function_transformer, preprocessing._label, preprocessing._polynomial, preprocessing._target_encoder, semi_supervised._label_propagation, semi_supervised._self_training, svm._classes, tree._classes, utils._mocking",,medium,121.0,,,,,,,hard
Architectural,Scattered Functionality,"Function 'predict' appears in 55 modules: sklearn.dummy, sklearn.naive_bayes, benchmarks.bench_hist_gradient_boosting_adult, benchmarks.bench_hist_gradient_boosting_categorical_only, benchmarks.bench_hist_gradient_boosting_higgsboson, sklearn.isotonic, sklearn.pipeline, sklearn.multiclass, sklearn.calibration, sklearn.discriminant_analysis, cluster.plot_inductive_clustering, developing_estimators.sklearn_is_fitted, sklearn.multioutput, sklearn.kernel_ridge, miscellaneous.plot_metadata_routing, cluster._affinity_propagation, cluster._kmeans, cluster._birch, cluster._bisect_k_means, cluster._mean_shift, compose._target, covariance._elliptic_envelope, cross_decomposition._pls, ensemble._bagging, ensemble._forest, ensemble._gb, ensemble._iforest, ensemble._stacking, ensemble._voting, ensemble._weight_boosting, _hist_gradient_boosting.gradient_boosting, _hist_gradient_boosting.predictor, feature_selection._rfe, gaussian_process._gpc, gaussian_process._gpr, linear_model._base, linear_model._bayes, svm._base, linear_model._stochastic_gradient, linear_model._ransac, linear_model._ridge, _glm.glm, mixture._base, model_selection._classification_threshold, model_selection._search, neighbors._classification, neighbors._lof, neighbors._nearest_centroid, neighbors._regression, neural_network._multilayer_perceptron, semi_supervised._label_propagation, semi_supervised._self_training, svm._classes, tree._classes, utils._mocking","D:\scoala\RESEARCH_CODE_SMELLS\Dataset Projects\scikit-learn\sklearn\dummy.py, D:\scoala\RESEARCH_CODE_SMELLS\Dataset Projects\scikit-learn\sklearn\naive_bayes.py, D:\scoala\RESEARCH_CODE_SMELLS\Dataset Projects\scikit-learn\benchmarks\bench_hist_gradient_boosting_adult.py, D:\scoala\RESEARCH_CODE_SMELLS\Dataset Projects\scikit-learn\benchmarks\bench_hist_gradient_boosting_categorical_only.py, D:\scoala\RESEARCH_CODE_SMELLS\Dataset Projects\scikit-learn\benchmarks\bench_hist_gradient_boosting_higgsboson.py, D:\scoala\RESEARCH_CODE_SMELLS\Dataset Projects\scikit-learn\sklearn\isotonic.py, D:\scoala\RESEARCH_CODE_SMELLS\Dataset Projects\scikit-learn\sklearn\pipeline.py, D:\scoala\RESEARCH_CODE_SMELLS\Dataset Projects\scikit-learn\sklearn\multiclass.py, D:\scoala\RESEARCH_CODE_SMELLS\Dataset Projects\scikit-learn\sklearn\calibration.py, D:\scoala\RESEARCH_CODE_SMELLS\Dataset Projects\scikit-learn\sklearn\discriminant_analysis.py, D:\scoala\RESEARCH_CODE_SMELLS\Dataset Projects\scikit-learn\sklearn\multioutput.py, D:\scoala\RESEARCH_CODE_SMELLS\Dataset Projects\scikit-learn\sklearn\kernel_ridge.py","sklearn.dummy, sklearn.naive_bayes, benchmarks.bench_hist_gradient_boosting_adult, benchmarks.bench_hist_gradient_boosting_categorical_only, benchmarks.bench_hist_gradient_boosting_higgsboson, sklearn.isotonic, sklearn.pipeline, sklearn.multiclass, sklearn.calibration, sklearn.discriminant_analysis, cluster.plot_inductive_clustering, developing_estimators.sklearn_is_fitted, sklearn.multioutput, sklearn.kernel_ridge, miscellaneous.plot_metadata_routing, cluster._affinity_propagation, cluster._kmeans, cluster._birch, cluster._bisect_k_means, cluster._mean_shift, compose._target, covariance._elliptic_envelope, cross_decomposition._pls, ensemble._bagging, ensemble._forest, ensemble._gb, ensemble._iforest, ensemble._stacking, ensemble._voting, ensemble._weight_boosting, _hist_gradient_boosting.gradient_boosting, _hist_gradient_boosting.predictor, feature_selection._rfe, gaussian_process._gpc, gaussian_process._gpr, linear_model._base, linear_model._bayes, svm._base, linear_model._stochastic_gradient, linear_model._ransac, linear_model._ridge, _glm.glm, mixture._base, model_selection._classification_threshold, model_selection._search, neighbors._classification, neighbors._lof, neighbors._nearest_centroid, neighbors._regression, neural_network._multilayer_perceptron, semi_supervised._label_propagation, semi_supervised._self_training, svm._classes, tree._classes, utils._mocking",,medium,55.0,,,,,,,hard
Architectural,Scattered Functionality,"Function 'score' appears in 22 modules: sklearn.dummy, sklearn.pipeline, benchmarks.bench_sparsify, sklearn.base, developing_estimators.sklearn_is_fitted, sklearn.multioutput, cluster._kmeans, covariance._elliptic_envelope, covariance._empirical_covariance, decomposition._factor_analysis, decomposition._lda, decomposition._pca, feature_selection._rfe, linear_model._logistic, linear_model._ransac, _glm.glm, mixture._base, model_selection._search, neighbors._classification, neighbors._kde, semi_supervised._self_training, utils._mocking","D:\scoala\RESEARCH_CODE_SMELLS\Dataset Projects\scikit-learn\sklearn\dummy.py, D:\scoala\RESEARCH_CODE_SMELLS\Dataset Projects\scikit-learn\sklearn\pipeline.py, D:\scoala\RESEARCH_CODE_SMELLS\Dataset Projects\scikit-learn\benchmarks\bench_sparsify.py, D:\scoala\RESEARCH_CODE_SMELLS\Dataset Projects\scikit-learn\sklearn\base.py, D:\scoala\RESEARCH_CODE_SMELLS\Dataset Projects\scikit-learn\sklearn\multioutput.py","sklearn.dummy, sklearn.pipeline, benchmarks.bench_sparsify, sklearn.base, developing_estimators.sklearn_is_fitted, sklearn.multioutput, cluster._kmeans, covariance._elliptic_envelope, covariance._empirical_covariance, decomposition._factor_analysis, decomposition._lda, decomposition._pca, feature_selection._rfe, linear_model._logistic, linear_model._ransac, _glm.glm, mixture._base, model_selection._search, neighbors._classification, neighbors._kde, semi_supervised._self_training, utils._mocking",,medium,22.0,,,,,,,hard
Architectural,Scattered Functionality,"Function 'predict_proba' appears in 31 modules: sklearn.dummy, sklearn.naive_bayes, sklearn.pipeline, sklearn.multiclass, sklearn.calibration, calibration.plot_calibration_curve, calibration.plot_compare_calibration, sklearn.discriminant_analysis, sklearn.multioutput, ensemble._bagging, ensemble._forest, _loss.loss, ensemble._gb, ensemble._stacking, ensemble._voting, ensemble._weight_boosting, _hist_gradient_boosting.gradient_boosting, feature_selection._rfe, gaussian_process._gpc, svm._base, linear_model._logistic, linear_model._stochastic_gradient, mixture._base, model_selection._classification_threshold, model_selection._search, neighbors._classification, neural_network._multilayer_perceptron, semi_supervised._label_propagation, semi_supervised._self_training, tree._classes, utils._mocking","D:\scoala\RESEARCH_CODE_SMELLS\Dataset Projects\scikit-learn\sklearn\dummy.py, D:\scoala\RESEARCH_CODE_SMELLS\Dataset Projects\scikit-learn\sklearn\naive_bayes.py, D:\scoala\RESEARCH_CODE_SMELLS\Dataset Projects\scikit-learn\sklearn\pipeline.py, D:\scoala\RESEARCH_CODE_SMELLS\Dataset Projects\scikit-learn\sklearn\multiclass.py, D:\scoala\RESEARCH_CODE_SMELLS\Dataset Projects\scikit-learn\sklearn\calibration.py, D:\scoala\RESEARCH_CODE_SMELLS\Dataset Projects\scikit-learn\sklearn\discriminant_analysis.py, D:\scoala\RESEARCH_CODE_SMELLS\Dataset Projects\scikit-learn\sklearn\multioutput.py","sklearn.dummy, sklearn.naive_bayes, sklearn.pipeline, sklearn.multiclass, sklearn.calibration, calibration.plot_calibration_curve, calibration.plot_compare_calibration, sklearn.discriminant_analysis, sklearn.multioutput, ensemble._bagging, ensemble._forest, _loss.loss, ensemble._gb, ensemble._stacking, ensemble._voting, ensemble._weight_boosting, _hist_gradient_boosting.gradient_boosting, feature_selection._rfe, gaussian_process._gpc, svm._base, linear_model._logistic, linear_model._stochastic_gradient, mixture._base, model_selection._classification_threshold, model_selection._search, neighbors._classification, neural_network._multilayer_perceptron, semi_supervised._label_propagation, semi_supervised._self_training, tree._classes, utils._mocking",,medium,31.0,,,,,,,hard
Architectural,Scattered Functionality,"Function 'predict_log_proba' appears in 18 modules: sklearn.dummy, sklearn.naive_bayes, sklearn.pipeline, sklearn.discriminant_analysis, sklearn.multioutput, ensemble._bagging, ensemble._forest, ensemble._gb, ensemble._weight_boosting, feature_selection._rfe, svm._base, linear_model._logistic, linear_model._stochastic_gradient, model_selection._classification_threshold, model_selection._search, neural_network._multilayer_perceptron, semi_supervised._self_training, tree._classes","D:\scoala\RESEARCH_CODE_SMELLS\Dataset Projects\scikit-learn\sklearn\dummy.py, D:\scoala\RESEARCH_CODE_SMELLS\Dataset Projects\scikit-learn\sklearn\naive_bayes.py, D:\scoala\RESEARCH_CODE_SMELLS\Dataset Projects\scikit-learn\sklearn\pipeline.py, D:\scoala\RESEARCH_CODE_SMELLS\Dataset Projects\scikit-learn\sklearn\discriminant_analysis.py, D:\scoala\RESEARCH_CODE_SMELLS\Dataset Projects\scikit-learn\sklearn\multioutput.py","sklearn.dummy, sklearn.naive_bayes, sklearn.pipeline, sklearn.discriminant_analysis, sklearn.multioutput, ensemble._bagging, ensemble._forest, ensemble._gb, ensemble._weight_boosting, feature_selection._rfe, svm._base, linear_model._logistic, linear_model._stochastic_gradient, model_selection._classification_threshold, model_selection._search, neural_network._multilayer_perceptron, semi_supervised._self_training, tree._classes",,medium,18.0,,,,,,,hard
Architectural,Scattered Functionality,"Function 'partial_fit' appears in 16 modules: sklearn.naive_bayes, sklearn.multiclass, sklearn.multioutput, cluster._kmeans, cluster._birch, feature_extraction.text, decomposition._dict_learning, decomposition._incremental_pca, decomposition._lda, decomposition._nmf, feature_selection._from_model, preprocessing._data, linear_model._stochastic_gradient, linear_model._passive_aggressive, neural_network._multilayer_perceptron, neural_network._rbm","D:\scoala\RESEARCH_CODE_SMELLS\Dataset Projects\scikit-learn\sklearn\naive_bayes.py, D:\scoala\RESEARCH_CODE_SMELLS\Dataset Projects\scikit-learn\sklearn\multiclass.py, D:\scoala\RESEARCH_CODE_SMELLS\Dataset Projects\scikit-learn\sklearn\multioutput.py","sklearn.naive_bayes, sklearn.multiclass, sklearn.multioutput, cluster._kmeans, cluster._birch, feature_extraction.text, decomposition._dict_learning, decomposition._incremental_pca, decomposition._lda, decomposition._nmf, feature_selection._from_model, preprocessing._data, linear_model._stochastic_gradient, linear_model._passive_aggressive, neural_network._multilayer_perceptron, neural_network._rbm",,medium,16.0,,,,,,,hard
Architectural,Scattered Functionality,"Function 'column_or_1d' appears in 4 modules: sklearn.utils.validation, sklearn.utils, utils, utils.validation",Unknown,"sklearn.utils.validation, sklearn.utils, utils, utils.validation",,medium,4.0,,,,,,,easy
Architectural,Scattered Functionality,"Function 'check_array' appears in 4 modules: sklearn.utils.validation, sklearn.utils, utils, utils.validation",Unknown,"sklearn.utils.validation, sklearn.utils, utils, utils.validation",,medium,4.0,,,,,,,easy
Architectural,Scattered Functionality,"Function 'check_random_state' appears in 5 modules: sklearn.utils.validation, sklearn.utils, utils, utils.validation, utils.random",Unknown,"sklearn.utils.validation, sklearn.utils, utils, utils.validation, utils.random",,medium,5.0,,,,,,,medium
Architectural,Scattered Functionality,"Function 'check_X_y' appears in 4 modules: sklearn.utils.validation, sklearn.utils, utils, utils.validation",Unknown,"sklearn.utils.validation, sklearn.utils, utils, utils.validation",,medium,4.0,,,,,,,easy
Architectural,Scattered Functionality,"Function 'check_scalar' appears in 3 modules: sklearn.utils.validation, utils, utils.validation",Unknown,"sklearn.utils.validation, utils, utils.validation",,medium,3.0,,,,,,,easy
Architectural,Scattered Functionality,"Function 'check_consistent_length' appears in 4 modules: sklearn.utils.validation, sklearn.utils, utils, utils.validation",Unknown,"sklearn.utils.validation, sklearn.utils, utils, utils.validation",,medium,4.0,,,,,,,easy
Architectural,Scattered Functionality,"Function 'assert_all_finite' appears in 4 modules: sklearn.utils.validation, sklearn.utils, utils, utils.validation",Unknown,"sklearn.utils.validation, sklearn.utils, utils, utils.validation",,medium,4.0,,,,,,,easy
Architectural,Scattered Functionality,"Function 'ExtraTreeRegressor' appears in 3 modules: sklearn.tree, tree, tree._classes",Unknown,"sklearn.tree, tree, tree._classes",,medium,3.0,,,,,,,easy
Architectural,Scattered Functionality,"Function 'ExtraTreeClassifier' appears in 3 modules: sklearn.tree, tree, tree._classes",Unknown,"sklearn.tree, tree, tree._classes",,medium,3.0,,,,,,,easy
Architectural,Scattered Functionality,"Function 'DecisionTreeRegressor' appears in 3 modules: sklearn.tree, tree, tree._classes",Unknown,"sklearn.tree, tree, tree._classes",,medium,3.0,,,,,,,easy
Architectural,Scattered Functionality,"Function 'DecisionTreeClassifier' appears in 3 modules: sklearn.tree, tree, tree._classes",Unknown,"sklearn.tree, tree, tree._classes",,medium,3.0,,,,,,,easy
Architectural,Scattered Functionality,"Function 'TransformerTags' appears in 3 modules: sklearn.utils, sklearn.utils._tags, utils._tags",Unknown,"sklearn.utils, sklearn.utils._tags, utils._tags",,medium,3.0,,,,,,,easy
Architectural,Scattered Functionality,"Function 'check_symmetric' appears in 3 modules: sklearn.utils, utils, utils.validation",Unknown,"sklearn.utils, utils, utils.validation",,medium,3.0,,,,,,,easy
Architectural,Scattered Functionality,"Function 'deprecated' appears in 3 modules: sklearn.utils, utils.deprecation, sklearn.utils.deprecation",Unknown,"sklearn.utils, utils.deprecation, sklearn.utils.deprecation",,medium,3.0,,,,,,,easy
Architectural,Scattered Functionality,"Function 'gen_even_slices' appears in 4 modules: sklearn.utils, utils, utils._chunking, sklearn.utils._chunking",Unknown,"sklearn.utils, utils, utils._chunking, sklearn.utils._chunking",,medium,4.0,,,,,,,easy
Architectural,Scattered Functionality,"Function 'TargetTags' appears in 3 modules: sklearn.utils, sklearn.utils._tags, utils._tags",Unknown,"sklearn.utils, sklearn.utils._tags, utils._tags",,medium,3.0,,,,,,,easy
Architectural,Scattered Functionality,"Function 'Bunch' appears in 4 modules: sklearn.utils, utils, utils._bunch, sklearn.utils._bunch",Unknown,"sklearn.utils, utils, utils._bunch, sklearn.utils._bunch",,medium,4.0,,,,,,,easy
Architectural,Scattered Functionality,"Function 'resample' appears in 3 modules: sklearn.utils, utils, utils._indexing",Unknown,"sklearn.utils, utils, utils._indexing",,medium,3.0,,,,,,,easy
Architectural,Scattered Functionality,"Function 'compute_class_weight' appears in 4 modules: sklearn.utils, utils, utils.class_weight, sklearn.utils.class_weight",Unknown,"sklearn.utils, utils, utils.class_weight, sklearn.utils.class_weight",,medium,4.0,,,,,,,easy
Architectural,Scattered Functionality,"Function 'Tags' appears in 3 modules: sklearn.utils, sklearn.utils._tags, utils._tags",Unknown,"sklearn.utils, sklearn.utils._tags, utils._tags",,medium,3.0,,,,,,,easy
Architectural,Scattered Functionality,"Function 'ClassifierTags' appears in 3 modules: sklearn.utils, sklearn.utils._tags, utils._tags",Unknown,"sklearn.utils, sklearn.utils._tags, utils._tags",,medium,3.0,,,,,,,easy
Architectural,Scattered Functionality,"Function 'shuffle' appears in 3 modules: sklearn.utils, utils, utils._indexing",Unknown,"sklearn.utils, utils, utils._indexing",,medium,3.0,,,,,,,easy
Architectural,Scattered Functionality,"Function 'indexable' appears in 3 modules: sklearn.utils, utils, utils.validation",Unknown,"sklearn.utils, utils, utils.validation",,medium,3.0,,,,,,,easy
Architectural,Scattered Functionality,"Function 'all_estimators' appears in 3 modules: sklearn.utils, sklearn.utils.discovery, utils.discovery",Unknown,"sklearn.utils, sklearn.utils.discovery, utils.discovery",,medium,3.0,,,,,,,easy
Architectural,Scattered Functionality,"Function 'gen_batches' appears in 3 modules: sklearn.utils, utils, utils._chunking",Unknown,"sklearn.utils, utils, utils._chunking",,medium,3.0,,,,,,,easy
Architectural,Scattered Functionality,"Function 'safe_mask' appears in 4 modules: sklearn.utils, utils, utils._mask, sklearn.utils._mask",Unknown,"sklearn.utils, utils, utils._mask, sklearn.utils._mask",,medium,4.0,,,,,,,easy
Architectural,Scattered Functionality,"Function 'compute_sample_weight' appears in 4 modules: sklearn.utils, utils, utils.class_weight, sklearn.utils.class_weight",Unknown,"sklearn.utils, utils, utils.class_weight, sklearn.utils.class_weight",,medium,4.0,,,,,,,easy
Architectural,Scattered Functionality,"Function 'as_float_array' appears in 3 modules: sklearn.utils, utils, utils.validation",Unknown,"sklearn.utils, utils, utils.validation",,medium,3.0,,,,,,,easy
Architectural,Scattered Functionality,"Function 'RegressorTags' appears in 3 modules: sklearn.utils, sklearn.utils._tags, utils._tags",Unknown,"sklearn.utils, sklearn.utils._tags, utils._tags",,medium,3.0,,,,,,,easy
Architectural,Scattered Functionality,"Function 'get_tags' appears in 4 modules: sklearn.utils, sklearn.utils._tags, utils, utils._tags",Unknown,"sklearn.utils, sklearn.utils._tags, utils, utils._tags",,medium,4.0,,,,,,,easy
Architectural,Scattered Functionality,"Function 'load_data' appears in 4 modules: benchmarks.bench_covertype, benchmarks.bench_hist_gradient_boosting_higgsboson, benchmarks.bench_mnist, benchmarks.bench_tsne_mnist","D:\scoala\RESEARCH_CODE_SMELLS\Dataset Projects\scikit-learn\benchmarks\bench_covertype.py, D:\scoala\RESEARCH_CODE_SMELLS\Dataset Projects\scikit-learn\benchmarks\bench_hist_gradient_boosting_higgsboson.py, D:\scoala\RESEARCH_CODE_SMELLS\Dataset Projects\scikit-learn\benchmarks\bench_mnist.py, D:\scoala\RESEARCH_CODE_SMELLS\Dataset Projects\scikit-learn\benchmarks\bench_tsne_mnist.py","benchmarks.bench_covertype, benchmarks.bench_hist_gradient_boosting_higgsboson, benchmarks.bench_mnist, benchmarks.bench_tsne_mnist",,medium,4.0,,,,,,,easy
Architectural,Scattered Functionality,"Function 'get_config' appears in 3 modules: sklearn, sklearn._config, _config",Unknown,"sklearn, sklearn._config, _config",,medium,3.0,,,,,,,easy
Architectural,Scattered Functionality,"Function 'config_context' appears in 4 modules: sklearn, sklearn.base, sklearn._config, _config",Unknown,"sklearn, sklearn.base, sklearn._config, _config",,medium,4.0,,,,,,,easy
Architectural,Scattered Functionality,"Function 'clone' appears in 3 modules: sklearn, sklearn.base, base",Unknown,"sklearn, sklearn.base, base",,medium,3.0,,,,,,,easy
Architectural,Scattered Functionality,"Function 'bench' appears in 3 modules: benchmarks.bench_glmnet, benchmarks.bench_isolation_forest_predict, benchmarks.bench_rcv1_logreg_convergence","D:\scoala\RESEARCH_CODE_SMELLS\Dataset Projects\scikit-learn\benchmarks\bench_glmnet.py, D:\scoala\RESEARCH_CODE_SMELLS\Dataset Projects\scikit-learn\benchmarks\bench_isolation_forest_predict.py, D:\scoala\RESEARCH_CODE_SMELLS\Dataset Projects\scikit-learn\benchmarks\bench_rcv1_logreg_convergence.py","benchmarks.bench_glmnet, benchmarks.bench_isolation_forest_predict, benchmarks.bench_rcv1_logreg_convergence",,medium,3.0,,,,,,,easy
Architectural,Scattered Functionality,"Function 'ColumnTransformer' appears in 3 modules: sklearn.compose, compose._column_transformer, compose",Unknown,"sklearn.compose, compose._column_transformer, compose",,medium,3.0,,,,,,,easy
Architectural,Scattered Functionality,"Function 'plot' appears in 12 modules: benchmarks.bench_isolation_forest_predict, benchmarks.bench_plot_parallel_pairwise, benchmarks.bench_saga, sklearn.calibration, cluster.plot_hdbscan, _plot.decision_boundary, _plot.partial_dependence, _plot.confusion_matrix, _plot.det_curve, _plot.precision_recall_curve, _plot.regression, model_selection._plot","D:\scoala\RESEARCH_CODE_SMELLS\Dataset Projects\scikit-learn\benchmarks\bench_isolation_forest_predict.py, D:\scoala\RESEARCH_CODE_SMELLS\Dataset Projects\scikit-learn\benchmarks\bench_plot_parallel_pairwise.py, D:\scoala\RESEARCH_CODE_SMELLS\Dataset Projects\scikit-learn\benchmarks\bench_saga.py, D:\scoala\RESEARCH_CODE_SMELLS\Dataset Projects\scikit-learn\sklearn\calibration.py","benchmarks.bench_isolation_forest_predict, benchmarks.bench_plot_parallel_pairwise, benchmarks.bench_saga, sklearn.calibration, cluster.plot_hdbscan, _plot.decision_boundary, _plot.partial_dependence, _plot.confusion_matrix, _plot.det_curve, _plot.precision_recall_curve, _plot.regression, model_selection._plot",,medium,12.0,,,,,,,hard
Architectural,Scattered Functionality,"Function 'get_data' appears in 3 modules: benchmarks.bench_isolation_forest_predict, benchmarks.bench_plot_neighbors, benchmarks.bench_plot_randomized_svd","D:\scoala\RESEARCH_CODE_SMELLS\Dataset Projects\scikit-learn\benchmarks\bench_isolation_forest_predict.py, D:\scoala\RESEARCH_CODE_SMELLS\Dataset Projects\scikit-learn\benchmarks\bench_plot_neighbors.py, D:\scoala\RESEARCH_CODE_SMELLS\Dataset Projects\scikit-learn\benchmarks\bench_plot_randomized_svd.py","benchmarks.bench_isolation_forest_predict, benchmarks.bench_plot_neighbors, benchmarks.bench_plot_randomized_svd",,medium,3.0,,,,,,,easy
Architectural,Scattered Functionality,"Function 'get_feature_names_out' appears in 19 modules: sklearn.isotonic, sklearn.kernel_approximation, sklearn.pipeline, sklearn.base, compose._column_transformer, feature_extraction.text, ensemble._forest, ensemble._stacking, ensemble._voting, impute._iterative, feature_extraction._dict_vectorizer, feature_selection._base, impute._base, impute._knn, preprocessing._encoders, preprocessing._discretization, preprocessing._function_transformer, preprocessing._polynomial, preprocessing._target_encoder","D:\scoala\RESEARCH_CODE_SMELLS\Dataset Projects\scikit-learn\sklearn\isotonic.py, D:\scoala\RESEARCH_CODE_SMELLS\Dataset Projects\scikit-learn\sklearn\kernel_approximation.py, D:\scoala\RESEARCH_CODE_SMELLS\Dataset Projects\scikit-learn\sklearn\pipeline.py, D:\scoala\RESEARCH_CODE_SMELLS\Dataset Projects\scikit-learn\sklearn\base.py","sklearn.isotonic, sklearn.kernel_approximation, sklearn.pipeline, sklearn.base, compose._column_transformer, feature_extraction.text, ensemble._forest, ensemble._stacking, ensemble._voting, impute._iterative, feature_extraction._dict_vectorizer, feature_selection._base, impute._base, impute._knn, preprocessing._encoders, preprocessing._discretization, preprocessing._function_transformer, preprocessing._polynomial, preprocessing._target_encoder",,medium,19.0,,,,,,,hard
Architectural,Scattered Functionality,"Function 'transform' appears in 50 modules: sklearn.isotonic, sklearn.kernel_approximation, sklearn.pipeline, benchmarks.bench_plot_nmf, sklearn.random_projection, sklearn.discriminant_analysis, miscellaneous.plot_metadata_routing, neighbors.approximate_nearest_neighbors, cluster._feature_agglomeration, cluster._kmeans, cluster._birch, compose._column_transformer, cross_decomposition._pls, feature_extraction.text, decomposition._base, decomposition._dict_learning, decomposition._factor_analysis, decomposition._fastica, decomposition._incremental_pca, decomposition._kernel_pca, decomposition._lda, decomposition._nmf, decomposition._sparse_pca, decomposition._truncated_svd, ensemble._forest, ensemble._stacking, ensemble._voting, _hist_gradient_boosting.binning, impute._iterative, feature_extraction.image, feature_extraction._hash, feature_extraction._dict_vectorizer, feature_extraction._hashing_fast, sklearn.feature_extraction._hashing_fast, feature_selection._base, preprocessing._data, impute._base, impute._knn, manifold._isomap, manifold._locally_linear, model_selection._search, neighbors._graph, neighbors._nca, neural_network._rbm, preprocessing._encoders, preprocessing._discretization, preprocessing._function_transformer, preprocessing._label, preprocessing._polynomial, preprocessing._target_encoder","D:\scoala\RESEARCH_CODE_SMELLS\Dataset Projects\scikit-learn\sklearn\isotonic.py, D:\scoala\RESEARCH_CODE_SMELLS\Dataset Projects\scikit-learn\sklearn\kernel_approximation.py, D:\scoala\RESEARCH_CODE_SMELLS\Dataset Projects\scikit-learn\sklearn\pipeline.py, D:\scoala\RESEARCH_CODE_SMELLS\Dataset Projects\scikit-learn\benchmarks\bench_plot_nmf.py, D:\scoala\RESEARCH_CODE_SMELLS\Dataset Projects\scikit-learn\sklearn\random_projection.py, D:\scoala\RESEARCH_CODE_SMELLS\Dataset Projects\scikit-learn\sklearn\discriminant_analysis.py","sklearn.isotonic, sklearn.kernel_approximation, sklearn.pipeline, benchmarks.bench_plot_nmf, sklearn.random_projection, sklearn.discriminant_analysis, miscellaneous.plot_metadata_routing, neighbors.approximate_nearest_neighbors, cluster._feature_agglomeration, cluster._kmeans, cluster._birch, compose._column_transformer, cross_decomposition._pls, feature_extraction.text, decomposition._base, decomposition._dict_learning, decomposition._factor_analysis, decomposition._fastica, decomposition._incremental_pca, decomposition._kernel_pca, decomposition._lda, decomposition._nmf, decomposition._sparse_pca, decomposition._truncated_svd, ensemble._forest, ensemble._stacking, ensemble._voting, _hist_gradient_boosting.binning, impute._iterative, feature_extraction.image, feature_extraction._hash, feature_extraction._dict_vectorizer, feature_extraction._hashing_fast, sklearn.feature_extraction._hashing_fast, feature_selection._base, preprocessing._data, impute._base, impute._knn, manifold._isomap, manifold._locally_linear, model_selection._search, neighbors._graph, neighbors._nca, neural_network._rbm, preprocessing._encoders, preprocessing._discretization, preprocessing._function_transformer, preprocessing._label, preprocessing._polynomial, preprocessing._target_encoder",,medium,50.0,,,,,,,hard
Architectural,Scattered Functionality,"Function 'compute_bench' appears in 6 modules: benchmarks.bench_lasso, benchmarks.bench_plot_fastkmeans, benchmarks.bench_plot_hierarchical, benchmarks.bench_plot_lasso_path, benchmarks.bench_plot_omp_lars, benchmarks.bench_plot_svd","D:\scoala\RESEARCH_CODE_SMELLS\Dataset Projects\scikit-learn\benchmarks\bench_lasso.py, D:\scoala\RESEARCH_CODE_SMELLS\Dataset Projects\scikit-learn\benchmarks\bench_plot_fastkmeans.py, D:\scoala\RESEARCH_CODE_SMELLS\Dataset Projects\scikit-learn\benchmarks\bench_plot_hierarchical.py, D:\scoala\RESEARCH_CODE_SMELLS\Dataset Projects\scikit-learn\benchmarks\bench_plot_lasso_path.py, D:\scoala\RESEARCH_CODE_SMELLS\Dataset Projects\scikit-learn\benchmarks\bench_plot_omp_lars.py, D:\scoala\RESEARCH_CODE_SMELLS\Dataset Projects\scikit-learn\benchmarks\bench_plot_svd.py","benchmarks.bench_lasso, benchmarks.bench_plot_fastkmeans, benchmarks.bench_plot_hierarchical, benchmarks.bench_plot_lasso_path, benchmarks.bench_plot_omp_lars, benchmarks.bench_plot_svd",,medium,6.0,,,,,,,medium
Architectural,Scattered Functionality,"Function 'check' appears in 6 modules: sklearn.pipeline, sklearn.multiclass, utils.validation, frozen._frozen, model_selection._search, utils._mocking","D:\scoala\RESEARCH_CODE_SMELLS\Dataset Projects\scikit-learn\sklearn\pipeline.py, D:\scoala\RESEARCH_CODE_SMELLS\Dataset Projects\scikit-learn\sklearn\multiclass.py","sklearn.pipeline, sklearn.multiclass, utils.validation, frozen._frozen, model_selection._search, utils._mocking",,medium,6.0,,,,,,,medium
Architectural,Scattered Functionality,"Function 'set_output' appears in 4 modules: sklearn.pipeline, utils._set_output, compose._column_transformer, preprocessing._function_transformer",D:\scoala\RESEARCH_CODE_SMELLS\Dataset Projects\scikit-learn\sklearn\pipeline.py,"sklearn.pipeline, utils._set_output, compose._column_transformer, preprocessing._function_transformer",,medium,4.0,,,,,,,easy
Architectural,Scattered Functionality,"Function 'n_features_in_' appears in 7 modules: sklearn.pipeline, compose._target, decomposition._dict_learning, ensemble._stacking, ensemble._voting, feature_selection._from_model, model_selection._search",D:\scoala\RESEARCH_CODE_SMELLS\Dataset Projects\scikit-learn\sklearn\pipeline.py,"sklearn.pipeline, compose._target, decomposition._dict_learning, ensemble._stacking, ensemble._voting, feature_selection._from_model, model_selection._search",,medium,7.0,,,,,,,medium
Architectural,Scattered Functionality,"Function 'fit_predict' appears in 11 modules: sklearn.pipeline, sklearn.base, miscellaneous.plot_outlier_detection_bench, cluster._affinity_propagation, cluster._agglomerative, cluster._kmeans, cluster._dbscan, cluster._spectral, _hdbscan.hdbscan, mixture._base, neighbors._lof","D:\scoala\RESEARCH_CODE_SMELLS\Dataset Projects\scikit-learn\sklearn\pipeline.py, D:\scoala\RESEARCH_CODE_SMELLS\Dataset Projects\scikit-learn\sklearn\base.py","sklearn.pipeline, sklearn.base, miscellaneous.plot_outlier_detection_bench, cluster._affinity_propagation, cluster._agglomerative, cluster._kmeans, cluster._dbscan, cluster._spectral, _hdbscan.hdbscan, mixture._base, neighbors._lof",,medium,11.0,,,,,,,hard
Architectural,Scattered Functionality,"Function 'decision_function' appears in 23 modules: sklearn.pipeline, sklearn.multiclass, sklearn.discriminant_analysis, cluster.plot_inductive_clustering, sklearn.multioutput, covariance._elliptic_envelope, ensemble._bagging, ensemble._gb, ensemble._iforest, ensemble._stacking, ensemble._weight_boosting, _hist_gradient_boosting.gradient_boosting, feature_selection._rfe, linear_model._base, svm._base, linear_model._stochastic_gradient, linear_model._ridge, model_selection._classification_threshold, model_selection._search, neighbors._lof, semi_supervised._self_training, svm._classes, utils._mocking","D:\scoala\RESEARCH_CODE_SMELLS\Dataset Projects\scikit-learn\sklearn\pipeline.py, D:\scoala\RESEARCH_CODE_SMELLS\Dataset Projects\scikit-learn\sklearn\multiclass.py, D:\scoala\RESEARCH_CODE_SMELLS\Dataset Projects\scikit-learn\sklearn\discriminant_analysis.py, D:\scoala\RESEARCH_CODE_SMELLS\Dataset Projects\scikit-learn\sklearn\multioutput.py","sklearn.pipeline, sklearn.multiclass, sklearn.discriminant_analysis, cluster.plot_inductive_clustering, sklearn.multioutput, covariance._elliptic_envelope, ensemble._bagging, ensemble._gb, ensemble._iforest, ensemble._stacking, ensemble._weight_boosting, _hist_gradient_boosting.gradient_boosting, feature_selection._rfe, linear_model._base, svm._base, linear_model._stochastic_gradient, linear_model._ridge, model_selection._classification_threshold, model_selection._search, neighbors._lof, semi_supervised._self_training, svm._classes, utils._mocking",,medium,23.0,,,,,,,hard
Architectural,Scattered Functionality,"Function 'get_metadata_routing' appears in 26 modules: sklearn.pipeline, sklearn.multiclass, sklearn.calibration, sklearn.multioutput, miscellaneous.plot_metadata_routing, utils._metadata_requests, compose._column_transformer, compose._target, covariance._graph_lasso, ensemble._bagging, ensemble._stacking, ensemble._voting, metrics._scorer, impute._iterative, feature_selection._from_model, feature_selection._rfe, feature_selection._sequential, linear_model._coordinate_descent, linear_model._least_angle, linear_model._logistic, linear_model._omp, linear_model._ransac, linear_model._ridge, model_selection._classification_threshold, model_selection._search, semi_supervised._self_training","D:\scoala\RESEARCH_CODE_SMELLS\Dataset Projects\scikit-learn\sklearn\pipeline.py, D:\scoala\RESEARCH_CODE_SMELLS\Dataset Projects\scikit-learn\sklearn\multiclass.py, D:\scoala\RESEARCH_CODE_SMELLS\Dataset Projects\scikit-learn\sklearn\calibration.py, D:\scoala\RESEARCH_CODE_SMELLS\Dataset Projects\scikit-learn\sklearn\multioutput.py","sklearn.pipeline, sklearn.multiclass, sklearn.calibration, sklearn.multioutput, miscellaneous.plot_metadata_routing, utils._metadata_requests, compose._column_transformer, compose._target, covariance._graph_lasso, ensemble._bagging, ensemble._stacking, ensemble._voting, metrics._scorer, impute._iterative, feature_selection._from_model, feature_selection._rfe, feature_selection._sequential, linear_model._coordinate_descent, linear_model._least_angle, linear_model._logistic, linear_model._omp, linear_model._ransac, linear_model._ridge, model_selection._classification_threshold, model_selection._search, semi_supervised._self_training",,medium,26.0,,,,,,,hard
Architectural,Scattered Functionality,"Function 'classes_' appears in 5 modules: sklearn.pipeline, feature_selection._rfe, linear_model._ridge, model_selection._classification_threshold, model_selection._search",D:\scoala\RESEARCH_CODE_SMELLS\Dataset Projects\scikit-learn\sklearn\pipeline.py,"sklearn.pipeline, feature_selection._rfe, linear_model._ridge, model_selection._classification_threshold, model_selection._search",,medium,5.0,,,,,,,medium
Architectural,Scattered Functionality,"Function 'score_samples' appears in 12 modules: sklearn.pipeline, covariance._elliptic_envelope, decomposition._factor_analysis, decomposition._pca, ensemble._iforest, linear_model._stochastic_gradient, mixture._base, model_selection._search, neighbors._kde, neighbors._lof, neural_network._rbm, svm._classes",D:\scoala\RESEARCH_CODE_SMELLS\Dataset Projects\scikit-learn\sklearn\pipeline.py,"sklearn.pipeline, covariance._elliptic_envelope, decomposition._factor_analysis, decomposition._pca, ensemble._iforest, linear_model._stochastic_gradient, mixture._base, model_selection._search, neighbors._kde, neighbors._lof, neural_network._rbm, svm._classes",,medium,12.0,,,,,,,hard
Architectural,Scattered Functionality,"Function 'inverse_transform' appears in 22 modules: sklearn.pipeline, benchmarks.bench_plot_nmf, sklearn.random_projection, cluster._feature_agglomeration, cross_decomposition._pls, feature_extraction.text, decomposition._base, decomposition._dict_learning, decomposition._fastica, decomposition._kernel_pca, decomposition._nmf, decomposition._sparse_pca, decomposition._truncated_svd, feature_extraction._dict_vectorizer, feature_selection._base, preprocessing._data, impute._base, model_selection._search, preprocessing._encoders, preprocessing._discretization, preprocessing._function_transformer, preprocessing._label","D:\scoala\RESEARCH_CODE_SMELLS\Dataset Projects\scikit-learn\sklearn\pipeline.py, D:\scoala\RESEARCH_CODE_SMELLS\Dataset Projects\scikit-learn\benchmarks\bench_plot_nmf.py, D:\scoala\RESEARCH_CODE_SMELLS\Dataset Projects\scikit-learn\sklearn\random_projection.py","sklearn.pipeline, benchmarks.bench_plot_nmf, sklearn.random_projection, cluster._feature_agglomeration, cross_decomposition._pls, feature_extraction.text, decomposition._base, decomposition._dict_learning, decomposition._fastica, decomposition._kernel_pca, decomposition._nmf, decomposition._sparse_pca, decomposition._truncated_svd, feature_extraction._dict_vectorizer, feature_selection._base, preprocessing._data, impute._base, model_selection._search, preprocessing._encoders, preprocessing._discretization, preprocessing._function_transformer, preprocessing._label",,medium,22.0,,,,,,,hard
Architectural,Scattered Functionality,"Function 'fit_transform' appears in 31 modules: sklearn.pipeline, benchmarks.bench_plot_nmf, sklearn.base, miscellaneous.plot_metadata_routing, cluster._kmeans, manifold._spectral_embedding, compose._column_transformer, cross_decomposition._pls, feature_extraction.text, decomposition._dict_learning, decomposition._fastica, decomposition._kernel_pca, decomposition._lda, decomposition._nmf, decomposition._pca, decomposition._truncated_svd, ensemble._forest, ensemble._stacking, ensemble._voting, impute._iterative, feature_extraction._dict_vectorizer, preprocessing._data, impute._base, manifold._isomap, manifold._locally_linear, manifold._mds, manifold._t_sne, neighbors._graph, preprocessing._label, preprocessing._target_encoder, utils.estimator_checks","D:\scoala\RESEARCH_CODE_SMELLS\Dataset Projects\scikit-learn\sklearn\pipeline.py, D:\scoala\RESEARCH_CODE_SMELLS\Dataset Projects\scikit-learn\benchmarks\bench_plot_nmf.py, D:\scoala\RESEARCH_CODE_SMELLS\Dataset Projects\scikit-learn\sklearn\base.py","sklearn.pipeline, benchmarks.bench_plot_nmf, sklearn.base, miscellaneous.plot_metadata_routing, cluster._kmeans, manifold._spectral_embedding, compose._column_transformer, cross_decomposition._pls, feature_extraction.text, decomposition._dict_learning, decomposition._fastica, decomposition._kernel_pca, decomposition._lda, decomposition._nmf, decomposition._pca, decomposition._truncated_svd, ensemble._forest, ensemble._stacking, ensemble._voting, impute._iterative, feature_extraction._dict_vectorizer, preprocessing._data, impute._base, manifold._isomap, manifold._locally_linear, manifold._mds, manifold._t_sne, neighbors._graph, preprocessing._label, preprocessing._target_encoder, utils.estimator_checks",,medium,31.0,,,,,,,hard
Architectural,Scattered Functionality,"Function 'get_params' appears in 6 modules: sklearn.pipeline, sklearn.base, compose._column_transformer, ensemble._base, frozen._frozen, gaussian_process.kernels","D:\scoala\RESEARCH_CODE_SMELLS\Dataset Projects\scikit-learn\sklearn\pipeline.py, D:\scoala\RESEARCH_CODE_SMELLS\Dataset Projects\scikit-learn\sklearn\base.py","sklearn.pipeline, sklearn.base, compose._column_transformer, ensemble._base, frozen._frozen, gaussian_process.kernels",,medium,6.0,,,,,,,medium
Architectural,Scattered Functionality,"Function 'set_params' appears in 6 modules: sklearn.pipeline, sklearn.base, compose._column_transformer, ensemble._base, frozen._frozen, gaussian_process.kernels","D:\scoala\RESEARCH_CODE_SMELLS\Dataset Projects\scikit-learn\sklearn\pipeline.py, D:\scoala\RESEARCH_CODE_SMELLS\Dataset Projects\scikit-learn\sklearn\base.py","sklearn.pipeline, sklearn.base, compose._column_transformer, ensemble._base, frozen._frozen, gaussian_process.kernels",,medium,6.0,,,,,,,medium
Architectural,Scattered Functionality,Function 'set_random_state' appears in 1 modules: sklearn.utils.estimator_checks,Unknown,sklearn.utils.estimator_checks,,medium,1.0,,,,,,,easy
Architectural,Scattered Functionality,Function 'SkipTest' appears in 1 modules: unittest,Unknown,unittest,,medium,1.0,,,,,,,easy
Architectural,Scattered Functionality,"Function 'benchmark' appears in 4 modules: benchmarks.bench_multilabel_metrics, benchmarks.bench_plot_incremental_pca, applications.plot_prediction_latency, text.plot_document_classification_20newsgroups","D:\scoala\RESEARCH_CODE_SMELLS\Dataset Projects\scikit-learn\benchmarks\bench_multilabel_metrics.py, D:\scoala\RESEARCH_CODE_SMELLS\Dataset Projects\scikit-learn\benchmarks\bench_plot_incremental_pca.py","benchmarks.bench_multilabel_metrics, benchmarks.bench_plot_incremental_pca, applications.plot_prediction_latency, text.plot_document_classification_20newsgroups",,medium,4.0,,,,,,,easy
Architectural,Scattered Functionality,"Function 'max' appears in 4 modules: numpy, cupy, torch._aliases, _lib._at",Unknown,"numpy, cupy, torch._aliases, _lib._at",,medium,4.0,,,,,,,easy
Architectural,Scattered Functionality,"Function 'dtype' appears in 3 modules: numpy, cupy, torch",Unknown,"numpy, cupy, torch",,medium,3.0,,,,,,,easy
Architectural,Scattered Functionality,"Function 'min' appears in 4 modules: numpy, cupy, torch._aliases, _lib._at",Unknown,"numpy, cupy, torch._aliases, _lib._at",,medium,4.0,,,,,,,easy
Architectural,Scattered Functionality,"Function 'VisibleDeprecationWarning' appears in 4 modules: numpy, sklearn.utils.fixes, utils.fixes, numpy.exceptions",Unknown,"numpy, sklearn.utils.fixes, utils.fixes, numpy.exceptions",,medium,4.0,,,,,,,easy
Architectural,Scattered Functionality,"Function 'ComplexWarning' appears in 3 modules: numpy, utils.fixes, numpy.exceptions",Unknown,"numpy, utils.fixes, numpy.exceptions",,medium,3.0,,,,,,,easy
Architectural,Scattered Functionality,"Function 'linalg' appears in 4 modules: numpy, scipy.sparse, scipy, torch",Unknown,"numpy, scipy.sparse, scipy, torch",,medium,4.0,,,,,,,easy
Architectural,Scattered Functionality,"Function 'plot_results' appears in 6 modules: benchmarks.bench_plot_incremental_pca, benchmarks.bench_plot_nmf, ensemble.plot_gradient_boosting_categorical, mixture.plot_concentration_prior, mixture.plot_gmm, mixture.plot_gmm_sin","D:\scoala\RESEARCH_CODE_SMELLS\Dataset Projects\scikit-learn\benchmarks\bench_plot_incremental_pca.py, D:\scoala\RESEARCH_CODE_SMELLS\Dataset Projects\scikit-learn\benchmarks\bench_plot_nmf.py","benchmarks.bench_plot_incremental_pca, benchmarks.bench_plot_nmf, ensemble.plot_gradient_boosting_categorical, mixture.plot_concentration_prior, mixture.plot_gmm, mixture.plot_gmm_sin",,medium,6.0,,,,,,,medium
Architectural,Scattered Functionality,"Function 'solve' appears in 4 modules: scipy.linalg, numpy.linalg, torch.linalg, _glm._newton_solver",Unknown,"scipy.linalg, numpy.linalg, torch.linalg, _glm._newton_solver",,medium,4.0,,,,,,,easy
Architectural,Scattered Functionality,"Function 'norm' appears in 4 modules: scipy.linalg, scipy.stats, numpy.linalg, decomposition._nmf",Unknown,"scipy.linalg, scipy.stats, numpy.linalg, decomposition._nmf",,medium,4.0,,,,,,,easy
Architectural,Scattered Functionality,"Function 'svd' appears in 4 modules: scipy.linalg, numpy.linalg, common._linalg, array.linalg",Unknown,"scipy.linalg, numpy.linalg, common._linalg, array.linalg",,medium,4.0,,,,,,,easy
Architectural,Scattered Functionality,"Function 'sample_without_replacement' appears in 3 modules: sklearn.utils.random, utils.random, utils._random",Unknown,"sklearn.utils.random, utils.random, utils._random",,medium,3.0,,,,,,,easy
Architectural,Scattered Functionality,"Function 'eye' appears in 3 modules: scipy.sparse, common._aliases, torch._aliases",Unknown,"scipy.sparse, common._aliases, torch._aliases",,medium,3.0,,,,,,,easy
Architectural,Scattered Functionality,"Function 'parse_version' appears in 3 modules: sklearn.utils.fixes, utils.fixes, fixes",Unknown,"sklearn.utils.fixes, utils.fixes, fixes",,medium,3.0,,,,,,,easy
Architectural,Scattered Functionality,"Function 'laplacian' appears in 5 modules: sklearn.utils.fixes, scipy.sparse.csgraph, utils.fixes, csgraph._laplacian, externals._scipy.sparse.csgraph",Unknown,"sklearn.utils.fixes, scipy.sparse.csgraph, utils.fixes, csgraph._laplacian, externals._scipy.sparse.csgraph",,medium,5.0,,,,,,,medium
Architectural,Scattered Functionality,"Function 'parse' appears in 4 modules: sklearn.externals._packaging.version, applications.plot_out_of_core_classification, _packaging.version, externals._packaging.version",Unknown,"sklearn.externals._packaging.version, applications.plot_out_of_core_classification, _packaging.version, externals._packaging.version",,medium,4.0,,,,,,,easy
Architectural,Scattered Functionality,"Function 'chi2' appears in 3 modules: scipy.stats, sklearn.feature_selection, feature_selection._univariate_selection",Unknown,"scipy.stats, sklearn.feature_selection, feature_selection._univariate_selection",,medium,3.0,,,,,,,easy
Architectural,Scattered Functionality,"Function 'generate_data' appears in 2 modules: applications.plot_model_complexity_influence, classification.plot_lda","D:\scoala\RESEARCH_CODE_SMELLS\Dataset Projects\scikit-learn\examples\applications\plot_model_complexity_influence.py, D:\scoala\RESEARCH_CODE_SMELLS\Dataset Projects\scikit-learn\examples\classification\plot_lda.py","applications.plot_model_complexity_influence, classification.plot_lda",,medium,2.0,,,,,,,easy
Architectural,Scattered Functionality,"Function 'construct_grids' appears in 3 modules: applications.plot_species_distribution_modeling, neighbors.plot_species_kde, datasets._species_distributions","D:\scoala\RESEARCH_CODE_SMELLS\Dataset Projects\scikit-learn\examples\applications\plot_species_distribution_modeling.py, D:\scoala\RESEARCH_CODE_SMELLS\Dataset Projects\scikit-learn\examples\neighbors\plot_species_kde.py","applications.plot_species_distribution_modeling, neighbors.plot_species_kde, datasets._species_distributions",,medium,3.0,,,,,,,easy
Architectural,Scattered Functionality,"Function 'homogeneity_score' appears in 3 modules: sklearn.metrics.cluster, metrics.cluster, cluster._supervised",Unknown,"sklearn.metrics.cluster, metrics.cluster, cluster._supervised",,medium,3.0,,,,,,,easy
Architectural,Scattered Functionality,"Function 'expected_mutual_information' appears in 3 modules: sklearn.metrics.cluster, cluster._expected_mutual_info_fast, cluster._supervised",Unknown,"sklearn.metrics.cluster, cluster._expected_mutual_info_fast, cluster._supervised",,medium,3.0,,,,,,,easy
Architectural,Scattered Functionality,"Function 'pair_confusion_matrix' appears in 3 modules: sklearn.metrics.cluster, metrics.cluster, cluster._supervised",Unknown,"sklearn.metrics.cluster, metrics.cluster, cluster._supervised",,medium,3.0,,,,,,,easy
Architectural,Scattered Functionality,"Function 'davies_bouldin_score' appears in 3 modules: sklearn.metrics.cluster, metrics.cluster, cluster._unsupervised",Unknown,"sklearn.metrics.cluster, metrics.cluster, cluster._unsupervised",,medium,3.0,,,,,,,easy
Architectural,Scattered Functionality,"Function 'calinski_harabasz_score' appears in 3 modules: sklearn.metrics.cluster, metrics.cluster, cluster._unsupervised",Unknown,"sklearn.metrics.cluster, metrics.cluster, cluster._unsupervised",,medium,3.0,,,,,,,easy
Architectural,Scattered Functionality,"Function 'entropy' appears in 2 modules: sklearn.metrics.cluster, cluster._supervised",Unknown,"sklearn.metrics.cluster, cluster._supervised",,medium,2.0,,,,,,,easy
Architectural,Scattered Functionality,"Function 'mutual_info_score' appears in 3 modules: sklearn.metrics.cluster, metrics.cluster, cluster._supervised",Unknown,"sklearn.metrics.cluster, metrics.cluster, cluster._supervised",,medium,3.0,,,,,,,easy
Architectural,Scattered Functionality,"Function 'adjusted_mutual_info_score' appears in 3 modules: sklearn.metrics.cluster, metrics.cluster, cluster._supervised",Unknown,"sklearn.metrics.cluster, metrics.cluster, cluster._supervised",,medium,3.0,,,,,,,easy
Architectural,Scattered Functionality,"Function 'rand_score' appears in 3 modules: sklearn.metrics.cluster, metrics.cluster, cluster._supervised",Unknown,"sklearn.metrics.cluster, metrics.cluster, cluster._supervised",,medium,3.0,,,,,,,easy
Architectural,Scattered Functionality,"Function 'homogeneity_completeness_v_measure' appears in 3 modules: sklearn.metrics.cluster, metrics.cluster, cluster._supervised",Unknown,"sklearn.metrics.cluster, metrics.cluster, cluster._supervised",,medium,3.0,,,,,,,easy
Architectural,Scattered Functionality,"Function 'from_estimator' appears in 8 modules: sklearn.calibration, _plot.decision_boundary, _plot.partial_dependence, _plot.confusion_matrix, _plot.det_curve, _plot.precision_recall_curve, _plot.regression, model_selection._plot",D:\scoala\RESEARCH_CODE_SMELLS\Dataset Projects\scikit-learn\sklearn\calibration.py,"sklearn.calibration, _plot.decision_boundary, _plot.partial_dependence, _plot.confusion_matrix, _plot.det_curve, _plot.precision_recall_curve, _plot.regression, model_selection._plot",,medium,8.0,,,,,,,hard
Architectural,Scattered Functionality,"Function 'from_predictions' appears in 5 modules: sklearn.calibration, _plot.confusion_matrix, _plot.det_curve, _plot.precision_recall_curve, _plot.regression",D:\scoala\RESEARCH_CODE_SMELLS\Dataset Projects\scikit-learn\sklearn\calibration.py,"sklearn.calibration, _plot.confusion_matrix, _plot.det_curve, _plot.precision_recall_curve, _plot.regression",,medium,5.0,,,,,,,medium
Architectural,Scattered Functionality,"Function 'img_to_graph' appears in 3 modules: sklearn.feature_extraction, sklearn.feature_extraction.image, feature_extraction.image",Unknown,"sklearn.feature_extraction, sklearn.feature_extraction.image, feature_extraction.image",,medium,3.0,,,,,,,easy
Architectural,Scattered Functionality,"Function 'decorator' appears in 4 modules: sklearn.base, utils._param_validation, utils.parallel, datasets._openml",D:\scoala\RESEARCH_CODE_SMELLS\Dataset Projects\scikit-learn\sklearn\base.py,"sklearn.base, utils._param_validation, utils.parallel, datasets._openml",,medium,4.0,,,,,,,easy
Architectural,Scattered Functionality,"Function 'wrapper' appears in 5 modules: sklearn.base, utils._param_validation, utils.parallel, datasets._openml, _lib._lazy",D:\scoala\RESEARCH_CODE_SMELLS\Dataset Projects\scikit-learn\sklearn\base.py,"sklearn.base, utils._param_validation, utils.parallel, datasets._openml, _lib._lazy",,medium,5.0,,,,,,,medium
Architectural,Scattered Functionality,"Function 'BaseEstimator' appears in 3 modules: sklearn.base, base, linear_model._base",D:\scoala\RESEARCH_CODE_SMELLS\Dataset Projects\scikit-learn\sklearn\base.py,"sklearn.base, base, linear_model._base",,medium,3.0,,,,,,,easy
Architectural,Scattered Functionality,"Function 'available_if' appears in 3 modules: sklearn.utils.metaestimators, utils.metaestimators, utils._available_if",Unknown,"sklearn.utils.metaestimators, utils.metaestimators, utils._available_if",,medium,3.0,,,,,,,easy
Architectural,Scattered Functionality,"Function 'clone_with_theta' appears in 2 modules: gaussian_process.plot_gpr_on_structured_data, gaussian_process.kernels",D:\scoala\RESEARCH_CODE_SMELLS\Dataset Projects\scikit-learn\examples\gaussian_process\plot_gpr_on_structured_data.py,"gaussian_process.plot_gpr_on_structured_data, gaussian_process.kernels",,medium,2.0,,,,,,,easy
Architectural,Scattered Functionality,"Function 'diag' appears in 2 modules: gaussian_process.plot_gpr_on_structured_data, gaussian_process.kernels",D:\scoala\RESEARCH_CODE_SMELLS\Dataset Projects\scikit-learn\examples\gaussian_process\plot_gpr_on_structured_data.py,"gaussian_process.plot_gpr_on_structured_data, gaussian_process.kernels",,medium,2.0,,,,,,,easy
Architectural,Scattered Functionality,"Function 'func' appears in 3 modules: linear_model.plot_bayesian_ridge_curvefit, utils._metadata_requests, linear_model._ridge",D:\scoala\RESEARCH_CODE_SMELLS\Dataset Projects\scikit-learn\examples\linear_model\plot_bayesian_ridge_curvefit.py,"linear_model.plot_bayesian_ridge_curvefit, utils._metadata_requests, linear_model._ridge",,medium,3.0,,,,,,,easy
Architectural,Scattered Functionality,"Function 'MethodMapping' appears in 3 modules: sklearn.utils.metadata_routing, utils._metadata_requests, utils.metadata_routing",Unknown,"sklearn.utils.metadata_routing, utils._metadata_requests, utils.metadata_routing",,medium,3.0,,,,,,,easy
Architectural,Scattered Functionality,"Function 'MetadataRouter' appears in 3 modules: sklearn.utils.metadata_routing, utils._metadata_requests, utils.metadata_routing",Unknown,"sklearn.utils.metadata_routing, utils._metadata_requests, utils.metadata_routing",,medium,3.0,,,,,,,easy
Architectural,Scattered Functionality,"Function 'process_routing' appears in 3 modules: sklearn.utils.metadata_routing, utils._metadata_requests, utils.metadata_routing",Unknown,"sklearn.utils.metadata_routing, utils._metadata_requests, utils.metadata_routing",,medium,3.0,,,,,,,easy
Architectural,Scattered Functionality,"Function 'get_routing_for_object' appears in 3 modules: sklearn.utils.metadata_routing, utils._metadata_requests, utils.metadata_routing",Unknown,"sklearn.utils.metadata_routing, utils._metadata_requests, utils.metadata_routing",,medium,3.0,,,,,,,easy
Architectural,Scattered Functionality,"Function 'MetadataRequest' appears in 3 modules: sklearn.utils.metadata_routing, utils._metadata_requests, utils.metadata_routing",Unknown,"sklearn.utils.metadata_routing, utils._metadata_requests, utils.metadata_routing",,medium,3.0,,,,,,,easy
Architectural,Scattered Functionality,"Function 'Interval' appears in 4 modules: sklearn.utils._param_validation, utils._param_validation, sklearn._loss.link, _loss.link",Unknown,"sklearn.utils._param_validation, utils._param_validation, sklearn._loss.link, _loss.link",,medium,4.0,,,,,,,easy
Architectural,Scattered Functionality,"Function 'estimator_html_repr' appears in 3 modules: sklearn.utils._repr_html.estimator, utils._repr_html.estimator, _repr_html.estimator",Unknown,"sklearn.utils._repr_html.estimator, utils._repr_html.estimator, _repr_html.estimator",,medium,3.0,,,,,,,easy
Architectural,Scattered Functionality,"Function 'HalfPoissonLoss' appears in 3 modules: sklearn._loss, _loss.loss, sklearn._loss.loss",Unknown,"sklearn._loss, _loss.loss, sklearn._loss.loss",,medium,3.0,,,,,,,easy
Architectural,Scattered Functionality,"Function 'HalfTweedieLoss' appears in 3 modules: sklearn._loss, _loss.loss, sklearn._loss.loss",Unknown,"sklearn._loss, _loss.loss, sklearn._loss.loss",,medium,3.0,,,,,,,easy
Architectural,Scattered Functionality,"Function 'HalfBinomialLoss' appears in 3 modules: sklearn._loss, _loss.loss, sklearn._loss.loss",Unknown,"sklearn._loss, _loss.loss, sklearn._loss.loss",,medium,3.0,,,,,,,easy
Architectural,Scattered Functionality,"Function 'HalfMultinomialLoss' appears in 3 modules: sklearn._loss, _loss.loss, sklearn._loss.loss",Unknown,"sklearn._loss, _loss.loss, sklearn._loss.loss",,medium,3.0,,,,,,,easy
Architectural,Scattered Functionality,"Function 'wrapped' appears in 3 modules: utils._set_output, utils.deprecation, utils.estimator_checks",D:\scoala\RESEARCH_CODE_SMELLS\Dataset Projects\scikit-learn\sklearn\conftest.py,"utils._set_output, utils.deprecation, utils.estimator_checks",,medium,3.0,,,,,,,easy
Architectural,Scattered Functionality,"Function 'device' appears in 6 modules: sklearn.utils._array_api, utils._array_api, common._helpers, torch, _array_api_compat_vendor, array_api_compat",Unknown,"sklearn.utils._array_api, utils._array_api, common._helpers, torch, _array_api_compat_vendor, array_api_compat",,medium,6.0,,,,,,,medium
Architectural,Scattered Functionality,"Function 'size' appears in 5 modules: sklearn.utils._array_api, utils._array_api, common._helpers, _array_api_compat_vendor, array_api_compat",Unknown,"sklearn.utils._array_api, utils._array_api, common._helpers, _array_api_compat_vendor, array_api_compat",,medium,5.0,,,,,,,medium
Architectural,Scattered Functionality,"Function 'get_namespace' appears in 3 modules: sklearn.utils._array_api, utils._array_api, sklearn.externals.array_api_compat",Unknown,"sklearn.utils._array_api, utils._array_api, sklearn.externals.array_api_compat",,medium,3.0,,,,,,,easy
Architectural,Scattered Functionality,"Function 'split' appears in 3 modules: cluster._bisect_k_means, model_selection._search_successive_halving, model_selection._split","D:\scoala\RESEARCH_CODE_SMELLS\Dataset Projects\scikit-learn\sklearn\cluster\_bisect_k_means.py, D:\scoala\RESEARCH_CODE_SMELLS\Dataset Projects\scikit-learn\sklearn\model_selection\_search_successive_halving.py, D:\scoala\RESEARCH_CODE_SMELLS\Dataset Projects\scikit-learn\sklearn\model_selection\_split.py","cluster._bisect_k_means, model_selection._search_successive_halving, model_selection._split",,medium,3.0,,,,,,,easy
Architectural,Scattered Functionality,"Function 'radius_neighbors_graph' appears in 3 modules: neighbors, neighbors._base, neighbors._graph",Unknown,"neighbors, neighbors._base, neighbors._graph",,medium,3.0,,,,,,,easy
Architectural,Scattered Functionality,"Function 'count_nonzero' appears in 6 modules: utils.sparsefuncs, cupy._aliases, array._aliases, numpy._aliases, torch._aliases, sklearn.utils.sparsefuncs",D:\scoala\RESEARCH_CODE_SMELLS\Dataset Projects\scikit-learn\sklearn\utils\sparsefuncs.py,"utils.sparsefuncs, cupy._aliases, array._aliases, numpy._aliases, torch._aliases, sklearn.utils.sparsefuncs",,medium,6.0,,,,,,,medium
Architectural,Scattered Functionality,"Function 'BOOL_METRICS' appears in 2 modules: sklearn.metrics._dist_metrics, _dist_metrics",Unknown,"sklearn.metrics._dist_metrics, _dist_metrics",,medium,2.0,,,,,,,easy
Architectural,Scattered Functionality,"Function 'MultiLabelBinarizer' appears in 3 modules: preprocessing, preprocessing._label, sklearn.preprocessing._label",Unknown,"preprocessing, preprocessing._label, sklearn.preprocessing._label",,medium,3.0,,,,,,,easy
Architectural,Scattered Functionality,"Function 'get_precision' appears in 3 modules: covariance._empirical_covariance, decomposition._base, decomposition._factor_analysis","D:\scoala\RESEARCH_CODE_SMELLS\Dataset Projects\scikit-learn\sklearn\covariance\_empirical_covariance.py, D:\scoala\RESEARCH_CODE_SMELLS\Dataset Projects\scikit-learn\sklearn\decomposition\_base.py, D:\scoala\RESEARCH_CODE_SMELLS\Dataset Projects\scikit-learn\sklearn\decomposition\_factor_analysis.py","covariance._empirical_covariance, decomposition._base, decomposition._factor_analysis",,medium,3.0,,,,,,,easy
Architectural,Scattered Functionality,"Function 'matrix_transpose' appears in 6 modules: numpy.linalg, common._aliases, cupy._aliases, array._aliases, numpy._aliases, torch._aliases","D:\scoala\RESEARCH_CODE_SMELLS\Dataset Projects\scikit-learn\sklearn\externals\array_api_compat\numpy\linalg.py, D:\scoala\RESEARCH_CODE_SMELLS\Dataset Projects\scikit-learn\sklearn\externals\array_api_compat\common\_aliases.py, D:\scoala\RESEARCH_CODE_SMELLS\Dataset Projects\scikit-learn\sklearn\externals\array_api_compat\cupy\_aliases.py, D:\scoala\RESEARCH_CODE_SMELLS\Dataset Projects\scikit-learn\sklearn\externals\array_api_compat\numpy\_aliases.py, D:\scoala\RESEARCH_CODE_SMELLS\Dataset Projects\scikit-learn\sklearn\externals\array_api_compat\torch\_aliases.py","numpy.linalg, common._aliases, cupy._aliases, array._aliases, numpy._aliases, torch._aliases",,medium,6.0,,,,,,,medium
Architectural,Scattered Functionality,"Function 'vecdot' appears in 7 modules: numpy.linalg, common._aliases, cupy._aliases, array._aliases, numpy._aliases, torch._aliases, torch.linalg","D:\scoala\RESEARCH_CODE_SMELLS\Dataset Projects\scikit-learn\sklearn\externals\array_api_compat\numpy\linalg.py, D:\scoala\RESEARCH_CODE_SMELLS\Dataset Projects\scikit-learn\sklearn\externals\array_api_compat\common\_aliases.py, D:\scoala\RESEARCH_CODE_SMELLS\Dataset Projects\scikit-learn\sklearn\externals\array_api_compat\cupy\_aliases.py, D:\scoala\RESEARCH_CODE_SMELLS\Dataset Projects\scikit-learn\sklearn\externals\array_api_compat\numpy\_aliases.py, D:\scoala\RESEARCH_CODE_SMELLS\Dataset Projects\scikit-learn\sklearn\externals\array_api_compat\torch\_aliases.py, D:\scoala\RESEARCH_CODE_SMELLS\Dataset Projects\scikit-learn\sklearn\externals\array_api_compat\torch\linalg.py","numpy.linalg, common._aliases, cupy._aliases, array._aliases, numpy._aliases, torch._aliases, torch.linalg",,medium,7.0,,,,,,,medium
Architectural,Scattered Functionality,"Function 'isdtype' appears in 3 modules: utils._array_api, common._aliases, torch._aliases",D:\scoala\RESEARCH_CODE_SMELLS\Dataset Projects\scikit-learn\sklearn\utils\_array_api.py,"utils._array_api, common._aliases, torch._aliases",,medium,3.0,,,,,,,easy
Architectural,Scattered Functionality,"Function 'Tree' appears in 4 modules: tree._tree, sklearn.tree._tree, tree._reingold_tilford, sklearn.tree._reingold_tilford",Unknown,"tree._tree, sklearn.tree._tree, tree._reingold_tilford, sklearn.tree._reingold_tilford",,medium,4.0,,,,,,,easy
Architectural,Scattered Functionality,"Function 'apply' appears in 3 modules: ensemble._forest, ensemble._gb, tree._classes","D:\scoala\RESEARCH_CODE_SMELLS\Dataset Projects\scikit-learn\sklearn\ensemble\_forest.py, D:\scoala\RESEARCH_CODE_SMELLS\Dataset Projects\scikit-learn\sklearn\ensemble\_gb.py, D:\scoala\RESEARCH_CODE_SMELLS\Dataset Projects\scikit-learn\sklearn\tree\_classes.py","ensemble._forest, ensemble._gb, tree._classes",,medium,3.0,,,,,,,easy
Architectural,Scattered Functionality,"Function 'feature_importances_' appears in 4 modules: ensemble._forest, ensemble._gb, ensemble._weight_boosting, tree._classes","D:\scoala\RESEARCH_CODE_SMELLS\Dataset Projects\scikit-learn\sklearn\ensemble\_forest.py, D:\scoala\RESEARCH_CODE_SMELLS\Dataset Projects\scikit-learn\sklearn\ensemble\_gb.py, D:\scoala\RESEARCH_CODE_SMELLS\Dataset Projects\scikit-learn\sklearn\ensemble\_weight_boosting.py, D:\scoala\RESEARCH_CODE_SMELLS\Dataset Projects\scikit-learn\sklearn\tree\_classes.py","ensemble._forest, ensemble._gb, ensemble._weight_boosting, tree._classes",,medium,4.0,,,,,,,easy
Architectural,Scattered Functionality,"Function 'staged_predict' appears in 3 modules: ensemble._gb, ensemble._weight_boosting, _hist_gradient_boosting.gradient_boosting","D:\scoala\RESEARCH_CODE_SMELLS\Dataset Projects\scikit-learn\sklearn\ensemble\_gb.py, D:\scoala\RESEARCH_CODE_SMELLS\Dataset Projects\scikit-learn\sklearn\ensemble\_weight_boosting.py","ensemble._gb, ensemble._weight_boosting, _hist_gradient_boosting.gradient_boosting",,medium,3.0,,,,,,,easy
Architectural,Scattered Functionality,"Function 'staged_predict_proba' appears in 3 modules: ensemble._gb, ensemble._weight_boosting, _hist_gradient_boosting.gradient_boosting","D:\scoala\RESEARCH_CODE_SMELLS\Dataset Projects\scikit-learn\sklearn\ensemble\_gb.py, D:\scoala\RESEARCH_CODE_SMELLS\Dataset Projects\scikit-learn\sklearn\ensemble\_weight_boosting.py","ensemble._gb, ensemble._weight_boosting, _hist_gradient_boosting.gradient_boosting",,medium,3.0,,,,,,,easy
Architectural,Scattered Functionality,"Function 'staged_decision_function' appears in 3 modules: ensemble._gb, ensemble._weight_boosting, _hist_gradient_boosting.gradient_boosting","D:\scoala\RESEARCH_CODE_SMELLS\Dataset Projects\scikit-learn\sklearn\ensemble\_gb.py, D:\scoala\RESEARCH_CODE_SMELLS\Dataset Projects\scikit-learn\sklearn\ensemble\_weight_boosting.py","ensemble._gb, ensemble._weight_boosting, _hist_gradient_boosting.gradient_boosting",,medium,3.0,,,,,,,easy
Architectural,Scattered Functionality,"Function 'Splitter' appears in 3 modules: _hist_gradient_boosting.splitting, sklearn.ensemble._hist_gradient_boosting.splitting, tree._splitter",Unknown,"_hist_gradient_boosting.splitting, sklearn.ensemble._hist_gradient_boosting.splitting, tree._splitter",,medium,3.0,,,,,,,easy
Architectural,Scattered Functionality,"Function 'is_lazy_array' appears in 3 modules: common._helpers, _array_api_compat_vendor, array_api_compat",D:\scoala\RESEARCH_CODE_SMELLS\Dataset Projects\scikit-learn\sklearn\externals\array_api_compat\common\_helpers.py,"common._helpers, _array_api_compat_vendor, array_api_compat",,medium,3.0,,,,,,,easy
Architectural,Scattered Functionality,"Function 'is_torch_namespace' appears in 4 modules: common._helpers, _lib._utils._compat, _array_api_compat_vendor, array_api_compat",D:\scoala\RESEARCH_CODE_SMELLS\Dataset Projects\scikit-learn\sklearn\externals\array_api_compat\common\_helpers.py,"common._helpers, _lib._utils._compat, _array_api_compat_vendor, array_api_compat",,medium,4.0,,,,,,,easy
Architectural,Scattered Functionality,"Function 'is_writeable_array' appears in 4 modules: common._helpers, _lib._utils._compat, _array_api_compat_vendor, array_api_compat",D:\scoala\RESEARCH_CODE_SMELLS\Dataset Projects\scikit-learn\sklearn\externals\array_api_compat\common\_helpers.py,"common._helpers, _lib._utils._compat, _array_api_compat_vendor, array_api_compat",,medium,4.0,,,,,,,easy
Architectural,Scattered Functionality,"Function 'is_dask_namespace' appears in 6 modules: common._helpers, array_api_extra._lib._utils._compat, _lib._utils._compat, _array_api_compat_vendor, array_api_compat, _utils._compat",D:\scoala\RESEARCH_CODE_SMELLS\Dataset Projects\scikit-learn\sklearn\externals\array_api_compat\common\_helpers.py,"common._helpers, array_api_extra._lib._utils._compat, _lib._utils._compat, _array_api_compat_vendor, array_api_compat, _utils._compat",,medium,6.0,,,,,,,medium
Architectural,Scattered Functionality,"Function 'is_pydata_sparse_namespace' appears in 4 modules: common._helpers, _lib._utils._compat, _array_api_compat_vendor, array_api_compat",D:\scoala\RESEARCH_CODE_SMELLS\Dataset Projects\scikit-learn\sklearn\externals\array_api_compat\common\_helpers.py,"common._helpers, _lib._utils._compat, _array_api_compat_vendor, array_api_compat",,medium,4.0,,,,,,,easy
Architectural,Scattered Functionality,"Function 'is_cupy_array' appears in 3 modules: common._helpers, _array_api_compat_vendor, array_api_compat",D:\scoala\RESEARCH_CODE_SMELLS\Dataset Projects\scikit-learn\sklearn\externals\array_api_compat\common\_helpers.py,"common._helpers, _array_api_compat_vendor, array_api_compat",,medium,3.0,,,,,,,easy
Architectural,Scattered Functionality,"Function 'is_array_api_obj' appears in 4 modules: common._helpers, _array_api_compat_vendor, array_api_compat, _utils._compat",D:\scoala\RESEARCH_CODE_SMELLS\Dataset Projects\scikit-learn\sklearn\externals\array_api_compat\common\_helpers.py,"common._helpers, _array_api_compat_vendor, array_api_compat, _utils._compat",,medium,4.0,,,,,,,easy
Architectural,Scattered Functionality,"Function 'is_numpy_array' appears in 4 modules: common._helpers, _array_api_compat_vendor, array_api_compat, _utils._compat",D:\scoala\RESEARCH_CODE_SMELLS\Dataset Projects\scikit-learn\sklearn\externals\array_api_compat\common\_helpers.py,"common._helpers, _array_api_compat_vendor, array_api_compat, _utils._compat",,medium,4.0,,,,,,,easy
Architectural,Scattered Functionality,"Function 'is_jax_array' appears in 4 modules: common._helpers, _lib._utils._compat, _array_api_compat_vendor, array_api_compat",D:\scoala\RESEARCH_CODE_SMELLS\Dataset Projects\scikit-learn\sklearn\externals\array_api_compat\common\_helpers.py,"common._helpers, _lib._utils._compat, _array_api_compat_vendor, array_api_compat",,medium,4.0,,,,,,,easy
Architectural,Scattered Functionality,"Function 'is_cupy_namespace' appears in 4 modules: common._helpers, _lib._utils._compat, _array_api_compat_vendor, array_api_compat",D:\scoala\RESEARCH_CODE_SMELLS\Dataset Projects\scikit-learn\sklearn\externals\array_api_compat\common\_helpers.py,"common._helpers, _lib._utils._compat, _array_api_compat_vendor, array_api_compat",,medium,4.0,,,,,,,easy
Architectural,Scattered Functionality,"Function 'is_dask_array' appears in 4 modules: common._helpers, _lib._utils._compat, _array_api_compat_vendor, array_api_compat",D:\scoala\RESEARCH_CODE_SMELLS\Dataset Projects\scikit-learn\sklearn\externals\array_api_compat\common\_helpers.py,"common._helpers, _lib._utils._compat, _array_api_compat_vendor, array_api_compat",,medium,4.0,,,,,,,easy
Architectural,Scattered Functionality,"Function 'is_pydata_sparse_array' appears in 3 modules: common._helpers, _array_api_compat_vendor, array_api_compat",D:\scoala\RESEARCH_CODE_SMELLS\Dataset Projects\scikit-learn\sklearn\externals\array_api_compat\common\_helpers.py,"common._helpers, _array_api_compat_vendor, array_api_compat",,medium,3.0,,,,,,,easy
Architectural,Scattered Functionality,"Function 'is_torch_array' appears in 3 modules: common._helpers, _array_api_compat_vendor, array_api_compat",D:\scoala\RESEARCH_CODE_SMELLS\Dataset Projects\scikit-learn\sklearn\externals\array_api_compat\common\_helpers.py,"common._helpers, _array_api_compat_vendor, array_api_compat",,medium,3.0,,,,,,,easy
Architectural,Scattered Functionality,"Function 'is_jax_namespace' appears in 5 modules: common._helpers, array_api_extra._lib._utils._compat, _lib._utils._compat, _array_api_compat_vendor, array_api_compat",D:\scoala\RESEARCH_CODE_SMELLS\Dataset Projects\scikit-learn\sklearn\externals\array_api_compat\common\_helpers.py,"common._helpers, array_api_extra._lib._utils._compat, _lib._utils._compat, _array_api_compat_vendor, array_api_compat",,medium,5.0,,,,,,,medium
Architectural,Scattered Functionality,"Function 'is_numpy_namespace' appears in 3 modules: common._helpers, _array_api_compat_vendor, array_api_compat",D:\scoala\RESEARCH_CODE_SMELLS\Dataset Projects\scikit-learn\sklearn\externals\array_api_compat\common\_helpers.py,"common._helpers, _array_api_compat_vendor, array_api_compat",,medium,3.0,,,,,,,easy
Architectural,Scattered Functionality,"Function 'array_namespace' appears in 7 modules: common._helpers, common, array_api_extra._lib._utils._compat, _lib._utils._compat, _array_api_compat_vendor, array_api_compat, _utils._compat",D:\scoala\RESEARCH_CODE_SMELLS\Dataset Projects\scikit-learn\sklearn\externals\array_api_compat\common\_helpers.py,"common._helpers, common, array_api_extra._lib._utils._compat, _lib._utils._compat, _array_api_compat_vendor, array_api_compat, _utils._compat",,medium,7.0,,,,,,,medium
Architectural,Scattered Functionality,"Function 'is_array_api_strict_namespace' appears in 4 modules: common._helpers, _lib._utils._compat, _array_api_compat_vendor, array_api_compat",D:\scoala\RESEARCH_CODE_SMELLS\Dataset Projects\scikit-learn\sklearn\externals\array_api_compat\common\_helpers.py,"common._helpers, _lib._utils._compat, _array_api_compat_vendor, array_api_compat",,medium,4.0,,,,,,,easy
Architectural,Scattered Functionality,"Function 'Array' appears in 7 modules: common._typing, cupy._typing, numpy._typing, torch._typing, array_api_extra._lib._utils._typing, _lib._utils._typing, _utils._typing","D:\scoala\RESEARCH_CODE_SMELLS\Dataset Projects\scikit-learn\sklearn\externals\array_api_compat\common\_typing.py, D:\scoala\RESEARCH_CODE_SMELLS\Dataset Projects\scikit-learn\sklearn\externals\array_api_compat\cupy\_typing.py, D:\scoala\RESEARCH_CODE_SMELLS\Dataset Projects\scikit-learn\sklearn\externals\array_api_compat\numpy\_typing.py, D:\scoala\RESEARCH_CODE_SMELLS\Dataset Projects\scikit-learn\sklearn\externals\array_api_compat\torch\_typing.py","common._typing, cupy._typing, numpy._typing, torch._typing, array_api_extra._lib._utils._typing, _lib._utils._typing, _utils._typing",,medium,7.0,,,,,,,medium
Architectural,Scattered Functionality,"Function 'Device' appears in 5 modules: common._typing, cupy._typing, cupy.cuda.device, numpy._typing, torch._typing","D:\scoala\RESEARCH_CODE_SMELLS\Dataset Projects\scikit-learn\sklearn\externals\array_api_compat\common\_typing.py, D:\scoala\RESEARCH_CODE_SMELLS\Dataset Projects\scikit-learn\sklearn\externals\array_api_compat\cupy\_typing.py, D:\scoala\RESEARCH_CODE_SMELLS\Dataset Projects\scikit-learn\sklearn\externals\array_api_compat\numpy\_typing.py, D:\scoala\RESEARCH_CODE_SMELLS\Dataset Projects\scikit-learn\sklearn\externals\array_api_compat\torch\_typing.py","common._typing, cupy._typing, cupy.cuda.device, numpy._typing, torch._typing",,medium,5.0,,,,,,,medium
Architectural,Scattered Functionality,"Function 'DType' appears in 5 modules: common._typing, cupy._typing, numpy._typing, torch._typing, _lib._utils._typing","D:\scoala\RESEARCH_CODE_SMELLS\Dataset Projects\scikit-learn\sklearn\externals\array_api_compat\common\_typing.py, D:\scoala\RESEARCH_CODE_SMELLS\Dataset Projects\scikit-learn\sklearn\externals\array_api_compat\cupy\_typing.py, D:\scoala\RESEARCH_CODE_SMELLS\Dataset Projects\scikit-learn\sklearn\externals\array_api_compat\numpy\_typing.py, D:\scoala\RESEARCH_CODE_SMELLS\Dataset Projects\scikit-learn\sklearn\externals\array_api_compat\torch\_typing.py","common._typing, cupy._typing, numpy._typing, torch._typing, _lib._utils._typing",,medium,5.0,,,,,,,medium
Architectural,Scattered Functionality,"Function 'matmul' appears in 5 modules: common._aliases, cupy._aliases, dask.array, numpy._aliases, torch._aliases","D:\scoala\RESEARCH_CODE_SMELLS\Dataset Projects\scikit-learn\sklearn\externals\array_api_compat\common\_aliases.py, D:\scoala\RESEARCH_CODE_SMELLS\Dataset Projects\scikit-learn\sklearn\externals\array_api_compat\cupy\_aliases.py, D:\scoala\RESEARCH_CODE_SMELLS\Dataset Projects\scikit-learn\sklearn\externals\array_api_compat\numpy\_aliases.py, D:\scoala\RESEARCH_CODE_SMELLS\Dataset Projects\scikit-learn\sklearn\externals\array_api_compat\torch\_aliases.py","common._aliases, cupy._aliases, dask.array, numpy._aliases, torch._aliases",,medium,5.0,,,,,,,medium
Architectural,Scattered Functionality,"Function 'arange' appears in 3 modules: common._aliases, array._aliases, torch._aliases","D:\scoala\RESEARCH_CODE_SMELLS\Dataset Projects\scikit-learn\sklearn\externals\array_api_compat\common\_aliases.py, D:\scoala\RESEARCH_CODE_SMELLS\Dataset Projects\scikit-learn\sklearn\externals\array_api_compat\torch\_aliases.py","common._aliases, array._aliases, torch._aliases",,medium,3.0,,,,,,,easy
Architectural,Scattered Functionality,"Function 'tensordot' appears in 5 modules: common._aliases, cupy._aliases, dask.array, numpy._aliases, torch._aliases","D:\scoala\RESEARCH_CODE_SMELLS\Dataset Projects\scikit-learn\sklearn\externals\array_api_compat\common\_aliases.py, D:\scoala\RESEARCH_CODE_SMELLS\Dataset Projects\scikit-learn\sklearn\externals\array_api_compat\cupy\_aliases.py, D:\scoala\RESEARCH_CODE_SMELLS\Dataset Projects\scikit-learn\sklearn\externals\array_api_compat\numpy\_aliases.py, D:\scoala\RESEARCH_CODE_SMELLS\Dataset Projects\scikit-learn\sklearn\externals\array_api_compat\torch\_aliases.py","common._aliases, cupy._aliases, dask.array, numpy._aliases, torch._aliases",,medium,5.0,,,,,,,medium
Architectural,Scattered Functionality,"Function 'sort' appears in 3 modules: common._aliases, array._aliases, torch._aliases","D:\scoala\RESEARCH_CODE_SMELLS\Dataset Projects\scikit-learn\sklearn\externals\array_api_compat\common\_aliases.py, D:\scoala\RESEARCH_CODE_SMELLS\Dataset Projects\scikit-learn\sklearn\externals\array_api_compat\torch\_aliases.py","common._aliases, array._aliases, torch._aliases",,medium,3.0,,,,,,,easy
Architectural,Scattered Functionality,"Function 'outer' appears in 3 modules: common._linalg, dask.array, torch",D:\scoala\RESEARCH_CODE_SMELLS\Dataset Projects\scikit-learn\sklearn\externals\array_api_compat\common\_linalg.py,"common._linalg, dask.array, torch",,medium,3.0,,,,,,,easy
Architectural,Scattered Functionality,"Function 'take_along_axis' appears in 3 modules: cupy._aliases, numpy._aliases, torch._aliases","D:\scoala\RESEARCH_CODE_SMELLS\Dataset Projects\scikit-learn\sklearn\externals\array_api_compat\cupy\_aliases.py, D:\scoala\RESEARCH_CODE_SMELLS\Dataset Projects\scikit-learn\sklearn\externals\array_api_compat\numpy\_aliases.py, D:\scoala\RESEARCH_CODE_SMELLS\Dataset Projects\scikit-learn\sklearn\externals\array_api_compat\torch\_aliases.py","cupy._aliases, numpy._aliases, torch._aliases",,medium,3.0,,,,,,,easy
Architectural,Scattered Functionality,"Function 'astype' appears in 4 modules: cupy._aliases, array._aliases, numpy._aliases, torch._aliases","D:\scoala\RESEARCH_CODE_SMELLS\Dataset Projects\scikit-learn\sklearn\externals\array_api_compat\cupy\_aliases.py, D:\scoala\RESEARCH_CODE_SMELLS\Dataset Projects\scikit-learn\sklearn\externals\array_api_compat\numpy\_aliases.py, D:\scoala\RESEARCH_CODE_SMELLS\Dataset Projects\scikit-learn\sklearn\externals\array_api_compat\torch\_aliases.py","cupy._aliases, array._aliases, numpy._aliases, torch._aliases",,medium,4.0,,,,,,,easy
Architectural,Scattered Functionality,"Function 'asarray' appears in 4 modules: cupy._aliases, array._aliases, numpy._aliases, torch._aliases","D:\scoala\RESEARCH_CODE_SMELLS\Dataset Projects\scikit-learn\sklearn\externals\array_api_compat\cupy\_aliases.py, D:\scoala\RESEARCH_CODE_SMELLS\Dataset Projects\scikit-learn\sklearn\externals\array_api_compat\numpy\_aliases.py, D:\scoala\RESEARCH_CODE_SMELLS\Dataset Projects\scikit-learn\sklearn\externals\array_api_compat\torch\_aliases.py","cupy._aliases, array._aliases, numpy._aliases, torch._aliases",,medium,4.0,,,,,,,easy
Architectural,Scattered Functionality,"Function 'capabilities' appears in 4 modules: cupy._info, array._info, numpy._info, torch._info","D:\scoala\RESEARCH_CODE_SMELLS\Dataset Projects\scikit-learn\sklearn\externals\array_api_compat\cupy\_info.py, D:\scoala\RESEARCH_CODE_SMELLS\Dataset Projects\scikit-learn\sklearn\externals\array_api_compat\numpy\_info.py, D:\scoala\RESEARCH_CODE_SMELLS\Dataset Projects\scikit-learn\sklearn\externals\array_api_compat\torch\_info.py","cupy._info, array._info, numpy._info, torch._info",,medium,4.0,,,,,,,easy
Architectural,Scattered Functionality,"Function 'dtypes' appears in 4 modules: cupy._info, array._info, numpy._info, torch._info","D:\scoala\RESEARCH_CODE_SMELLS\Dataset Projects\scikit-learn\sklearn\externals\array_api_compat\cupy\_info.py, D:\scoala\RESEARCH_CODE_SMELLS\Dataset Projects\scikit-learn\sklearn\externals\array_api_compat\numpy\_info.py, D:\scoala\RESEARCH_CODE_SMELLS\Dataset Projects\scikit-learn\sklearn\externals\array_api_compat\torch\_info.py","cupy._info, array._info, numpy._info, torch._info",,medium,4.0,,,,,,,easy
Architectural,Scattered Functionality,"Function 'default_dtypes' appears in 4 modules: cupy._info, array._info, numpy._info, torch._info","D:\scoala\RESEARCH_CODE_SMELLS\Dataset Projects\scikit-learn\sklearn\externals\array_api_compat\cupy\_info.py, D:\scoala\RESEARCH_CODE_SMELLS\Dataset Projects\scikit-learn\sklearn\externals\array_api_compat\numpy\_info.py, D:\scoala\RESEARCH_CODE_SMELLS\Dataset Projects\scikit-learn\sklearn\externals\array_api_compat\torch\_info.py","cupy._info, array._info, numpy._info, torch._info",,medium,4.0,,,,,,,easy
Architectural,Scattered Functionality,"Function 'devices' appears in 4 modules: cupy._info, array._info, numpy._info, torch._info","D:\scoala\RESEARCH_CODE_SMELLS\Dataset Projects\scikit-learn\sklearn\externals\array_api_compat\cupy\_info.py, D:\scoala\RESEARCH_CODE_SMELLS\Dataset Projects\scikit-learn\sklearn\externals\array_api_compat\numpy\_info.py, D:\scoala\RESEARCH_CODE_SMELLS\Dataset Projects\scikit-learn\sklearn\externals\array_api_compat\torch\_info.py","cupy._info, array._info, numpy._info, torch._info",,medium,4.0,,,,,,,easy
Architectural,Scattered Functionality,"Function 'default_device' appears in 4 modules: cupy._info, array._info, numpy._info, torch._info","D:\scoala\RESEARCH_CODE_SMELLS\Dataset Projects\scikit-learn\sklearn\externals\array_api_compat\cupy\_info.py, D:\scoala\RESEARCH_CODE_SMELLS\Dataset Projects\scikit-learn\sklearn\externals\array_api_compat\numpy\_info.py, D:\scoala\RESEARCH_CODE_SMELLS\Dataset Projects\scikit-learn\sklearn\externals\array_api_compat\torch\_info.py","cupy._info, array._info, numpy._info, torch._info",,medium,4.0,,,,,,,easy
Architectural,Scattered Functionality,"Function 'expand_dims' appears in 3 modules: torch._aliases, array_api_extra._lib._funcs, _lib._funcs",D:\scoala\RESEARCH_CODE_SMELLS\Dataset Projects\scikit-learn\sklearn\externals\array_api_compat\torch\_aliases.py,"torch._aliases, array_api_extra._lib._funcs, _lib._funcs",,medium,3.0,,,,,,,easy
Architectural,Scattered Functionality,"Function 'asarrays' appears in 3 modules: array_api_extra._lib._utils._helpers, _lib._utils._helpers, _utils._helpers",Unknown,"array_api_extra._lib._utils._helpers, _lib._utils._helpers, _utils._helpers",,medium,3.0,,,,,,,easy
Architectural,Scattered Functionality,"Function 'LinearModelLoss' appears in 3 modules: linear_model._linear_loss, sklearn.linear_model._linear_loss, _linear_loss",D:\scoala\RESEARCH_CODE_SMELLS\Dataset Projects\scikit-learn\sklearn\linear_model\_linear_loss.py,"linear_model._linear_loss, sklearn.linear_model._linear_loss, _linear_loss",,medium,3.0,,,,,,,easy
Architectural,Scattered Functionality,"Function 'NewtonCholeskySolver' appears in 3 modules: linear_model._glm.glm, _glm._newton_solver, sklearn.linear_model._glm._newton_solver",Unknown,"linear_model._glm.glm, _glm._newton_solver, sklearn.linear_model._glm._newton_solver",,medium,3.0,,,,,,,easy
Architectural,Scattered Functionality,"Function 'RadiusNeighbors' appears in 3 modules: metrics._pairwise_distances_reduction, sklearn.metrics._pairwise_distances_reduction, _pairwise_distances_reduction._dispatcher",Unknown,"metrics._pairwise_distances_reduction, sklearn.metrics._pairwise_distances_reduction, _pairwise_distances_reduction._dispatcher",,medium,3.0,,,,,,,easy
Architectural,Scattered Functionality,"Function 'ArgKminClassMode' appears in 3 modules: metrics._pairwise_distances_reduction, sklearn.metrics._pairwise_distances_reduction, _pairwise_distances_reduction._dispatcher",Unknown,"metrics._pairwise_distances_reduction, sklearn.metrics._pairwise_distances_reduction, _pairwise_distances_reduction._dispatcher",,medium,3.0,,,,,,,easy
Architectural,Scattered Functionality,"Function 'RadiusNeighborsClassMode' appears in 3 modules: metrics._pairwise_distances_reduction, sklearn.metrics._pairwise_distances_reduction, _pairwise_distances_reduction._dispatcher",Unknown,"metrics._pairwise_distances_reduction, sklearn.metrics._pairwise_distances_reduction, _pairwise_distances_reduction._dispatcher",,medium,3.0,,,,,,,easy
Architectural,Scattered Functionality,"Function 'ArgKmin' appears in 3 modules: metrics._pairwise_distances_reduction, sklearn.metrics._pairwise_distances_reduction, _pairwise_distances_reduction._dispatcher",Unknown,"metrics._pairwise_distances_reduction, sklearn.metrics._pairwise_distances_reduction, _pairwise_distances_reduction._dispatcher",,medium,3.0,,,,,,,easy
Architectural,Potential Redundant Abstractions,Modules benchmarks.cluster and benchmarks.decomposition have 100.0% similar functionalities,"D:\scoala\RESEARCH_CODE_SMELLS\Dataset Projects\scikit-learn\asv_benchmarks\benchmarks\cluster.py, D:\scoala\RESEARCH_CODE_SMELLS\Dataset Projects\scikit-learn\asv_benchmarks\benchmarks\decomposition.py","benchmarks.cluster, benchmarks.decomposition",,medium,,,,,,100.0,,hard
Architectural,Potential Redundant Abstractions,Modules benchmarks.cluster and benchmarks.ensemble have 100.0% similar functionalities,"D:\scoala\RESEARCH_CODE_SMELLS\Dataset Projects\scikit-learn\asv_benchmarks\benchmarks\cluster.py, D:\scoala\RESEARCH_CODE_SMELLS\Dataset Projects\scikit-learn\asv_benchmarks\benchmarks\ensemble.py","benchmarks.cluster, benchmarks.ensemble",,medium,,,,,,100.0,,hard
Architectural,Potential Redundant Abstractions,Modules benchmarks.cluster and benchmarks.manifold have 100.0% similar functionalities,"D:\scoala\RESEARCH_CODE_SMELLS\Dataset Projects\scikit-learn\asv_benchmarks\benchmarks\cluster.py, D:\scoala\RESEARCH_CODE_SMELLS\Dataset Projects\scikit-learn\asv_benchmarks\benchmarks\manifold.py","benchmarks.cluster, benchmarks.manifold",,medium,,,,,,100.0,,hard
Architectural,Potential Redundant Abstractions,Modules benchmarks.cluster and benchmarks.neighbors have 100.0% similar functionalities,"D:\scoala\RESEARCH_CODE_SMELLS\Dataset Projects\scikit-learn\asv_benchmarks\benchmarks\cluster.py, D:\scoala\RESEARCH_CODE_SMELLS\Dataset Projects\scikit-learn\asv_benchmarks\benchmarks\neighbors.py","benchmarks.cluster, benchmarks.neighbors",,medium,,,,,,100.0,,hard
Architectural,Potential Redundant Abstractions,Modules benchmarks.cluster and benchmarks.svm have 100.0% similar functionalities,"D:\scoala\RESEARCH_CODE_SMELLS\Dataset Projects\scikit-learn\asv_benchmarks\benchmarks\cluster.py, D:\scoala\RESEARCH_CODE_SMELLS\Dataset Projects\scikit-learn\asv_benchmarks\benchmarks\svm.py","benchmarks.cluster, benchmarks.svm",,medium,,,,,,100.0,,hard
Architectural,Potential Redundant Abstractions,Modules benchmarks.decomposition and benchmarks.ensemble have 100.0% similar functionalities,"D:\scoala\RESEARCH_CODE_SMELLS\Dataset Projects\scikit-learn\asv_benchmarks\benchmarks\decomposition.py, D:\scoala\RESEARCH_CODE_SMELLS\Dataset Projects\scikit-learn\asv_benchmarks\benchmarks\ensemble.py","benchmarks.decomposition, benchmarks.ensemble",,medium,,,,,,100.0,,hard
Architectural,Potential Redundant Abstractions,Modules benchmarks.decomposition and benchmarks.manifold have 100.0% similar functionalities,"D:\scoala\RESEARCH_CODE_SMELLS\Dataset Projects\scikit-learn\asv_benchmarks\benchmarks\decomposition.py, D:\scoala\RESEARCH_CODE_SMELLS\Dataset Projects\scikit-learn\asv_benchmarks\benchmarks\manifold.py","benchmarks.decomposition, benchmarks.manifold",,medium,,,,,,100.0,,hard
Architectural,Potential Redundant Abstractions,Modules benchmarks.decomposition and benchmarks.neighbors have 100.0% similar functionalities,"D:\scoala\RESEARCH_CODE_SMELLS\Dataset Projects\scikit-learn\asv_benchmarks\benchmarks\decomposition.py, D:\scoala\RESEARCH_CODE_SMELLS\Dataset Projects\scikit-learn\asv_benchmarks\benchmarks\neighbors.py","benchmarks.decomposition, benchmarks.neighbors",,medium,,,,,,100.0,,hard
Architectural,Potential Redundant Abstractions,Modules benchmarks.decomposition and benchmarks.svm have 100.0% similar functionalities,"D:\scoala\RESEARCH_CODE_SMELLS\Dataset Projects\scikit-learn\asv_benchmarks\benchmarks\decomposition.py, D:\scoala\RESEARCH_CODE_SMELLS\Dataset Projects\scikit-learn\asv_benchmarks\benchmarks\svm.py","benchmarks.decomposition, benchmarks.svm",,medium,,,,,,100.0,,hard
Architectural,Potential Redundant Abstractions,Modules benchmarks.ensemble and benchmarks.manifold have 100.0% similar functionalities,"D:\scoala\RESEARCH_CODE_SMELLS\Dataset Projects\scikit-learn\asv_benchmarks\benchmarks\ensemble.py, D:\scoala\RESEARCH_CODE_SMELLS\Dataset Projects\scikit-learn\asv_benchmarks\benchmarks\manifold.py","benchmarks.ensemble, benchmarks.manifold",,medium,,,,,,100.0,,hard
Architectural,Potential Redundant Abstractions,Modules benchmarks.ensemble and benchmarks.neighbors have 100.0% similar functionalities,"D:\scoala\RESEARCH_CODE_SMELLS\Dataset Projects\scikit-learn\asv_benchmarks\benchmarks\ensemble.py, D:\scoala\RESEARCH_CODE_SMELLS\Dataset Projects\scikit-learn\asv_benchmarks\benchmarks\neighbors.py","benchmarks.ensemble, benchmarks.neighbors",,medium,,,,,,100.0,,hard
Architectural,Potential Redundant Abstractions,Modules benchmarks.ensemble and benchmarks.svm have 100.0% similar functionalities,"D:\scoala\RESEARCH_CODE_SMELLS\Dataset Projects\scikit-learn\asv_benchmarks\benchmarks\ensemble.py, D:\scoala\RESEARCH_CODE_SMELLS\Dataset Projects\scikit-learn\asv_benchmarks\benchmarks\svm.py","benchmarks.ensemble, benchmarks.svm",,medium,,,,,,100.0,,hard
Architectural,Potential Redundant Abstractions,Modules benchmarks.manifold and benchmarks.neighbors have 100.0% similar functionalities,"D:\scoala\RESEARCH_CODE_SMELLS\Dataset Projects\scikit-learn\asv_benchmarks\benchmarks\manifold.py, D:\scoala\RESEARCH_CODE_SMELLS\Dataset Projects\scikit-learn\asv_benchmarks\benchmarks\neighbors.py","benchmarks.manifold, benchmarks.neighbors",,medium,,,,,,100.0,,hard
Architectural,Potential Redundant Abstractions,Modules benchmarks.manifold and benchmarks.svm have 100.0% similar functionalities,"D:\scoala\RESEARCH_CODE_SMELLS\Dataset Projects\scikit-learn\asv_benchmarks\benchmarks\manifold.py, D:\scoala\RESEARCH_CODE_SMELLS\Dataset Projects\scikit-learn\asv_benchmarks\benchmarks\svm.py","benchmarks.manifold, benchmarks.svm",,medium,,,,,,100.0,,hard
Architectural,Potential Redundant Abstractions,Modules benchmarks.neighbors and benchmarks.svm have 100.0% similar functionalities,"D:\scoala\RESEARCH_CODE_SMELLS\Dataset Projects\scikit-learn\asv_benchmarks\benchmarks\neighbors.py, D:\scoala\RESEARCH_CODE_SMELLS\Dataset Projects\scikit-learn\asv_benchmarks\benchmarks\svm.py","benchmarks.neighbors, benchmarks.svm",,medium,,,,,,100.0,,hard
Architectural,Potential Redundant Abstractions,Modules sklearn.utils.metadata_routing and utils.metadata_routing have 80.0% similar functionalities,Unknown,"sklearn.utils.metadata_routing, utils.metadata_routing",,medium,,,,,,80.0,,medium
Architectural,Potential Redundant Abstractions,Modules cupy._aliases and numpy._aliases have 80.0% similar functionalities,"D:\scoala\RESEARCH_CODE_SMELLS\Dataset Projects\scikit-learn\sklearn\externals\array_api_compat\cupy\_aliases.py, D:\scoala\RESEARCH_CODE_SMELLS\Dataset Projects\scikit-learn\sklearn\externals\array_api_compat\numpy\_aliases.py","cupy._aliases, numpy._aliases",,medium,,,,,,80.0,,medium
Architectural,Potential Redundant Abstractions,Modules cupy._info and array._info have 100.0% similar functionalities,D:\scoala\RESEARCH_CODE_SMELLS\Dataset Projects\scikit-learn\sklearn\externals\array_api_compat\cupy\_info.py,"cupy._info, array._info",,medium,,,,,,100.0,,hard
Architectural,Potential Redundant Abstractions,Modules cupy._info and numpy._info have 85.7% similar functionalities,"D:\scoala\RESEARCH_CODE_SMELLS\Dataset Projects\scikit-learn\sklearn\externals\array_api_compat\cupy\_info.py, D:\scoala\RESEARCH_CODE_SMELLS\Dataset Projects\scikit-learn\sklearn\externals\array_api_compat\numpy\_info.py","cupy._info, numpy._info",,medium,,,,,,85.7,,medium
Architectural,Potential Redundant Abstractions,Modules cupy._info and torch._info have 85.7% similar functionalities,"D:\scoala\RESEARCH_CODE_SMELLS\Dataset Projects\scikit-learn\sklearn\externals\array_api_compat\cupy\_info.py, D:\scoala\RESEARCH_CODE_SMELLS\Dataset Projects\scikit-learn\sklearn\externals\array_api_compat\torch\_info.py","cupy._info, torch._info",,medium,,,,,,85.7,,medium
Architectural,Potential Redundant Abstractions,Modules array._info and numpy._info have 85.7% similar functionalities,D:\scoala\RESEARCH_CODE_SMELLS\Dataset Projects\scikit-learn\sklearn\externals\array_api_compat\dask\array\_info.py,"array._info, numpy._info",,medium,,,,,,85.7,,medium
Architectural,Potential Redundant Abstractions,Modules array._info and torch._info have 85.7% similar functionalities,D:\scoala\RESEARCH_CODE_SMELLS\Dataset Projects\scikit-learn\sklearn\externals\array_api_compat\dask\array\_info.py,"array._info, torch._info",,medium,,,,,,85.7,,medium
Architectural,Potential Redundant Abstractions,Modules cupy._typing and torch._typing have 100.0% similar functionalities,"D:\scoala\RESEARCH_CODE_SMELLS\Dataset Projects\scikit-learn\sklearn\externals\array_api_compat\cupy\_typing.py, D:\scoala\RESEARCH_CODE_SMELLS\Dataset Projects\scikit-learn\sklearn\externals\array_api_compat\torch\_typing.py","cupy._typing, torch._typing",,medium,,,,,,100.0,,hard
Architectural,Potential Redundant Abstractions,Modules _array_api_compat_vendor and array_api_compat have 100.0% similar functionalities,Unknown,"_array_api_compat_vendor, array_api_compat",,medium,,,,,,100.0,,hard
Architectural,Potential Redundant Abstractions,Modules utils._seq_dataset and sklearn.utils._seq_dataset have 100.0% similar functionalities,Unknown,"utils._seq_dataset, sklearn.utils._seq_dataset",,medium,,,,,,100.0,,hard
Architectural,Potential Redundant Abstractions,Modules _plot.confusion_matrix and _plot.det_curve have 100.0% similar functionalities,"D:\scoala\RESEARCH_CODE_SMELLS\Dataset Projects\scikit-learn\sklearn\metrics\_plot\confusion_matrix.py, D:\scoala\RESEARCH_CODE_SMELLS\Dataset Projects\scikit-learn\sklearn\metrics\_plot\det_curve.py","_plot.confusion_matrix, _plot.det_curve",,medium,,,,,,100.0,,hard
Architectural,Potential Redundant Abstractions,Modules _plot.confusion_matrix and _plot.precision_recall_curve have 100.0% similar functionalities,"D:\scoala\RESEARCH_CODE_SMELLS\Dataset Projects\scikit-learn\sklearn\metrics\_plot\confusion_matrix.py, D:\scoala\RESEARCH_CODE_SMELLS\Dataset Projects\scikit-learn\sklearn\metrics\_plot\precision_recall_curve.py","_plot.confusion_matrix, _plot.precision_recall_curve",,medium,,,,,,100.0,,hard
Architectural,Potential Redundant Abstractions,Modules _plot.confusion_matrix and _plot.regression have 100.0% similar functionalities,"D:\scoala\RESEARCH_CODE_SMELLS\Dataset Projects\scikit-learn\sklearn\metrics\_plot\confusion_matrix.py, D:\scoala\RESEARCH_CODE_SMELLS\Dataset Projects\scikit-learn\sklearn\metrics\_plot\regression.py","_plot.confusion_matrix, _plot.regression",,medium,,,,,,100.0,,hard
Architectural,Potential Redundant Abstractions,Modules _plot.det_curve and _plot.precision_recall_curve have 100.0% similar functionalities,"D:\scoala\RESEARCH_CODE_SMELLS\Dataset Projects\scikit-learn\sklearn\metrics\_plot\det_curve.py, D:\scoala\RESEARCH_CODE_SMELLS\Dataset Projects\scikit-learn\sklearn\metrics\_plot\precision_recall_curve.py","_plot.det_curve, _plot.precision_recall_curve",,medium,,,,,,100.0,,hard
Architectural,Potential Redundant Abstractions,Modules _plot.det_curve and _plot.regression have 100.0% similar functionalities,"D:\scoala\RESEARCH_CODE_SMELLS\Dataset Projects\scikit-learn\sklearn\metrics\_plot\det_curve.py, D:\scoala\RESEARCH_CODE_SMELLS\Dataset Projects\scikit-learn\sklearn\metrics\_plot\regression.py","_plot.det_curve, _plot.regression",,medium,,,,,,100.0,,hard
Architectural,Potential Redundant Abstractions,Modules _plot.precision_recall_curve and _plot.regression have 100.0% similar functionalities,"D:\scoala\RESEARCH_CODE_SMELLS\Dataset Projects\scikit-learn\sklearn\metrics\_plot\precision_recall_curve.py, D:\scoala\RESEARCH_CODE_SMELLS\Dataset Projects\scikit-learn\sklearn\metrics\_plot\regression.py","_plot.precision_recall_curve, _plot.regression",,medium,,,,,,100.0,,hard
Architectural,God Object,Module 'sklearn.datasets' has too many public functions (48),Unknown,sklearn.datasets,,medium,,,,,48.0,,,medium
Architectural,God Object,Module 'sklearn.model_selection' has too many public functions (34),Unknown,sklearn.model_selection,,medium,,,,,34.0,,,easy
Architectural,God Object,Module 'sklearn.preprocessing' has too many public functions (28),Unknown,sklearn.preprocessing,,medium,,,,,28.0,,,easy
Architectural,God Object,Module 'sklearn.linear_model' has too many public functions (44),Unknown,sklearn.linear_model,,medium,,,,,44.0,,,medium
Architectural,God Object,Module 'sklearn.metrics.pairwise' has too many public functions (30),Unknown,sklearn.metrics.pairwise,,medium,,,,,30.0,,,easy
Architectural,God Object,Module 'sklearn.metrics' has too many public functions (71),Unknown,sklearn.metrics,,medium,,,,,71.0,,,hard
Architectural,God Object,Module 'sklearn.utils' has too many public functions (26),Unknown,sklearn.utils,,medium,,,,,26.0,,,easy
Architectural,God Object,Module 'sklearn.pipeline' has too many public functions (26),D:\scoala\RESEARCH_CODE_SMELLS\Dataset Projects\scikit-learn\sklearn\pipeline.py,sklearn.pipeline,,medium,,,,,26.0,,,easy
Architectural,God Object,Module 'sklearn.base' has too many public functions (29),D:\scoala\RESEARCH_CODE_SMELLS\Dataset Projects\scikit-learn\sklearn\base.py,sklearn.base,,medium,,,,,29.0,,,easy
Architectural,God Object,Module 'sklearn.utils.estimator_checks' has too many public functions (54),Unknown,sklearn.utils.estimator_checks,,medium,,,,,54.0,,,medium
Architectural,God Object,Module 'metrics.pairwise' has too many public functions (29),D:\scoala\RESEARCH_CODE_SMELLS\Dataset Projects\scikit-learn\sklearn\metrics\pairwise.py,metrics.pairwise,,medium,,,,,29.0,,,easy
Architectural,God Object,Module 'utils._metadata_requests' has too many public functions (32),D:\scoala\RESEARCH_CODE_SMELLS\Dataset Projects\scikit-learn\sklearn\utils\_metadata_requests.py,utils._metadata_requests,,medium,,,,,32.0,,,easy
Architectural,God Object,Module 'typing' has too many public functions (26),Unknown,typing,,medium,,,,,26.0,,,easy
Architectural,God Object,Module 'common._aliases' has too many public functions (40),D:\scoala\RESEARCH_CODE_SMELLS\Dataset Projects\scikit-learn\sklearn\externals\array_api_compat\common\_aliases.py,common._aliases,,medium,,,,,40.0,,,easy
Architectural,God Object,Module 'torch._aliases' has too many public functions (50),D:\scoala\RESEARCH_CODE_SMELLS\Dataset Projects\scikit-learn\sklearn\externals\array_api_compat\torch\_aliases.py,torch._aliases,,medium,,,,,50.0,,,medium
Architectural,God Object,Module 'utils.estimator_checks' has too many public functions (111),D:\scoala\RESEARCH_CODE_SMELLS\Dataset Projects\scikit-learn\sklearn\utils\estimator_checks.py,utils.estimator_checks,,medium,,,,,111.0,,,hard
Architectural,Potential Improper API Usage,"Module 'benchmarks.common' has repetitive API calls: getenv(7x), mkdir(4x), resolve(3x), fit(3x), open(4x), load(3x), predict(6x), transform(4x)",D:\scoala\RESEARCH_CODE_SMELLS\Dataset Projects\scikit-learn\asv_benchmarks\benchmarks\common.py,benchmarks.common,,medium,,34.0,,,,,,easy
Architectural,Potential Improper API Usage,"Module 'benchmarks.datasets' has repetitive API calls: astype(8x), fit_transform(7x), random(3x), randn(3x), RandomState(3x)",D:\scoala\RESEARCH_CODE_SMELLS\Dataset Projects\scikit-learn\asv_benchmarks\benchmarks\datasets.py,benchmarks.datasets,,medium,,24.0,,,,,,easy
Architectural,Potential Improper API Usage,"Module 'benchmarks.utils' has repetitive API calls: sum(4x), transform(3x)",D:\scoala\RESEARCH_CODE_SMELLS\Dataset Projects\scikit-learn\asv_benchmarks\benchmarks\utils.py,benchmarks.utils,,medium,,7.0,,,,,,easy
Architectural,Potential Improper API Usage,"Module 'benchmarks.bench_covertype' has repetitive API calls: add_argument(4x), ljust(6x), sum(4x), center(3x)",D:\scoala\RESEARCH_CODE_SMELLS\Dataset Projects\scikit-learn\benchmarks\bench_covertype.py,benchmarks.bench_covertype,,medium,,17.0,,,,,,easy
Architectural,Potential Improper API Usage,"Module 'benchmarks.bench_glm' has repetitive API calls: empty(3x), plot(3x), now(6x), fit(3x), total_seconds(3x)",D:\scoala\RESEARCH_CODE_SMELLS\Dataset Projects\scikit-learn\benchmarks\bench_glm.py,benchmarks.bench_glm,,medium,,18.0,,,,,,easy
Architectural,Potential Improper API Usage,"Module 'benchmarks.bench_hist_gradient_boosting' has repetitive API calls: add_argument(14x), plot(12x), set_title(3x), fit(4x), score(4x), format(13x)",D:\scoala\RESEARCH_CODE_SMELLS\Dataset Projects\scikit-learn\benchmarks\bench_hist_gradient_boosting.py,benchmarks.bench_hist_gradient_boosting,,medium,,50.0,,,,,,medium
Architectural,Potential Improper API Usage,Module 'benchmarks.bench_hist_gradient_boosting_adult' has repetitive API calls: add_argument(7x),D:\scoala\RESEARCH_CODE_SMELLS\Dataset Projects\scikit-learn\benchmarks\bench_hist_gradient_boosting_adult.py,benchmarks.bench_hist_gradient_boosting_adult,,medium,,7.0,,,,,,easy
Architectural,Potential Improper API Usage,Module 'benchmarks.bench_hist_gradient_boosting_categorical_only' has repetitive API calls: add_argument(10x),D:\scoala\RESEARCH_CODE_SMELLS\Dataset Projects\scikit-learn\benchmarks\bench_hist_gradient_boosting_categorical_only.py,benchmarks.bench_hist_gradient_boosting_categorical_only,,medium,,10.0,,,,,,easy
Architectural,Potential Improper API Usage,Module 'benchmarks.bench_hist_gradient_boosting_higgsboson' has repetitive API calls: add_argument(12x),D:\scoala\RESEARCH_CODE_SMELLS\Dataset Projects\scikit-learn\benchmarks\bench_hist_gradient_boosting_higgsboson.py,benchmarks.bench_hist_gradient_boosting_higgsboson,,medium,,12.0,,,,,,easy
Architectural,Potential Improper API Usage,"Module 'benchmarks.bench_hist_gradient_boosting_threading' has repetitive API calls: add_argument(17x), set_params(4x), plot(8x), fit(4x), score(4x), format(13x)",D:\scoala\RESEARCH_CODE_SMELLS\Dataset Projects\scikit-learn\benchmarks\bench_hist_gradient_boosting_threading.py,benchmarks.bench_hist_gradient_boosting_threading,,medium,,50.0,,,,,,medium
Architectural,Potential Improper API Usage,"Module 'benchmarks.bench_isolation_forest' has repetitive API calls: legend(3x), astype(11x), fit_transform(4x), hist(3x)",D:\scoala\RESEARCH_CODE_SMELLS\Dataset Projects\scikit-learn\benchmarks\bench_isolation_forest.py,benchmarks.bench_isolation_forest,,medium,,21.0,,,,,,easy
Architectural,Potential Improper API Usage,"Module 'benchmarks.bench_kernel_pca_solvers_time_vs_n_components' has repetitive API calls: mean(3x), std(3x), errorbar(3x), empty(3x), perf_counter(6x), transform(3x), abs(4x), fit(3x)",D:\scoala\RESEARCH_CODE_SMELLS\Dataset Projects\scikit-learn\benchmarks\bench_kernel_pca_solvers_time_vs_n_components.py,benchmarks.bench_kernel_pca_solvers_time_vs_n_components,,medium,,28.0,,,,,,easy
Architectural,Potential Improper API Usage,"Module 'benchmarks.bench_kernel_pca_solvers_time_vs_n_samples' has repetitive API calls: mean(3x), std(3x), errorbar(3x), empty(3x), perf_counter(6x), transform(3x), abs(4x), fit(3x)",D:\scoala\RESEARCH_CODE_SMELLS\Dataset Projects\scikit-learn\benchmarks\bench_kernel_pca_solvers_time_vs_n_samples.py,benchmarks.bench_kernel_pca_solvers_time_vs_n_samples,,medium,,28.0,,,,,,easy
Architectural,Potential Improper API Usage,"Module 'benchmarks.bench_lof' has repetitive API calls: astype(11x), fit_transform(4x)",D:\scoala\RESEARCH_CODE_SMELLS\Dataset Projects\scikit-learn\benchmarks\bench_lof.py,benchmarks.bench_lof,,medium,,15.0,,,,,,easy
Architectural,Potential Improper API Usage,"Module 'benchmarks.bench_mnist' has repetitive API calls: add_argument(4x), ljust(5x)",D:\scoala\RESEARCH_CODE_SMELLS\Dataset Projects\scikit-learn\benchmarks\bench_mnist.py,benchmarks.bench_mnist,,medium,,9.0,,,,,,easy
Architectural,Potential Improper API Usage,"Module 'benchmarks.bench_multilabel_metrics' has repetitive API calls: atleast_1d(5x), add_argument(8x), format(5x)",D:\scoala\RESEARCH_CODE_SMELLS\Dataset Projects\scikit-learn\benchmarks\bench_multilabel_metrics.py,benchmarks.bench_multilabel_metrics,,medium,,18.0,,,,,,easy
Architectural,Potential Improper API Usage,"Module 'benchmarks.bench_online_ocsvm' has repetitive API calls: subplots(3x), set_ylabel(3x), bar(6x), legend(3x), set_xticks(3x), set_xticklabels(3x), show(3x), astype(9x), fit_transform(4x)",D:\scoala\RESEARCH_CODE_SMELLS\Dataset Projects\scikit-learn\benchmarks\bench_online_ocsvm.py,benchmarks.bench_online_ocsvm,,medium,,37.0,,,,,,easy
Architectural,Potential Improper API Usage,"Module 'benchmarks.bench_plot_fastkmeans' has repetitive API calls: astype(3x), fit(3x), append(6x), add_subplot(3x), linspace(3x), items(4x)",D:\scoala\RESEARCH_CODE_SMELLS\Dataset Projects\scikit-learn\benchmarks\bench_plot_fastkmeans.py,benchmarks.bench_plot_fastkmeans,,medium,,22.0,,,,,,easy
Architectural,Potential Improper API Usage,"Module 'benchmarks.bench_plot_incremental_pca' has repetitive API calls: figure(4x), legend(4x), suptitle(4x), xlabel(4x), ylabel(4x), astype(3x), extend(4x), linspace(3x), append(4x)",D:\scoala\RESEARCH_CODE_SMELLS\Dataset Projects\scikit-learn\benchmarks\bench_plot_incremental_pca.py,benchmarks.bench_plot_incremental_pca,,medium,,34.0,,,,,,easy
Architectural,Potential Improper API Usage,"Module 'benchmarks.bench_plot_neighbors' has repetitive API calls: arange(4x), zeros(6x), text(3x), NearestNeighbors(3x), fit(3x), kneighbors(3x)",D:\scoala\RESEARCH_CODE_SMELLS\Dataset Projects\scikit-learn\benchmarks\bench_plot_neighbors.py,benchmarks.bench_plot_neighbors,,medium,,22.0,,,,,,easy
Architectural,Potential Improper API Usage,"Module 'benchmarks.bench_plot_nmf' has repetitive API calls: dot(10x), fit_transform(3x), arange(6x), ravel(4x), logical_or(3x)",D:\scoala\RESEARCH_CODE_SMELLS\Dataset Projects\scikit-learn\benchmarks\bench_plot_nmf.py,benchmarks.bench_plot_nmf,,medium,,26.0,,,,,,easy
Architectural,Potential Improper API Usage,"Module 'benchmarks.bench_plot_polynomial_kernel_approximation' has repetitive API calls: fit(4x), plot(6x), score(4x), append(4x)",D:\scoala\RESEARCH_CODE_SMELLS\Dataset Projects\scikit-learn\benchmarks\bench_plot_polynomial_kernel_approximation.py,benchmarks.bench_plot_polynomial_kernel_approximation,,medium,,18.0,,,,,,easy
Architectural,Potential Improper API Usage,"Module 'benchmarks.bench_plot_randomized_svd' has repetitive API calls: figure(3x), legend(3x), suptitle(3x), ylabel(3x), xlabel(3x), dot(14x), keys(3x), plot(3x), append(14x), annotate(3x), diag(7x)",D:\scoala\RESEARCH_CODE_SMELLS\Dataset Projects\scikit-learn\benchmarks\bench_plot_randomized_svd.py,benchmarks.bench_plot_randomized_svd,,medium,,59.0,,,,,,medium
Architectural,Potential Improper API Usage,"Module 'benchmarks.bench_random_projections' has repetitive API calls: now(4x), add_option(10x), ljust(4x), center(6x)",D:\scoala\RESEARCH_CODE_SMELLS\Dataset Projects\scikit-learn\benchmarks\bench_random_projections.py,benchmarks.bench_random_projections,,medium,,24.0,,,,,,easy
Architectural,Potential Improper API Usage,"Module 'benchmarks.bench_rcv1_logreg_convergence' has repetitive API calls: figure(4x), append(7x), log(3x), plot(4x), legend(4x), xlabel(4x), ylabel(4x), dot(3x)",D:\scoala\RESEARCH_CODE_SMELLS\Dataset Projects\scikit-learn\benchmarks\bench_rcv1_logreg_convergence.py,benchmarks.bench_rcv1_logreg_convergence,,medium,,33.0,,,,,,easy
Architectural,Potential Improper API Usage,"Module 'benchmarks.bench_saga' has repetitive API calls: append(6x), set_xlabel(4x), set_ylabel(4x), set_yscale(3x), sum(3x), copy(3x), plot(4x), axvline(3x)",D:\scoala\RESEARCH_CODE_SMELLS\Dataset Projects\scikit-learn\benchmarks\bench_saga.py,benchmarks.bench_saga,,medium,,30.0,,,,,,easy
Architectural,Potential Improper API Usage,"Module 'benchmarks.bench_sgd_regression' has repetitive API calls: zeros(4x), plot(8x), collect(4x), fit(4x), sqrt(8x), predict(4x)",D:\scoala\RESEARCH_CODE_SMELLS\Dataset Projects\scikit-learn\benchmarks\bench_sgd_regression.py,benchmarks.bench_sgd_regression,,medium,,32.0,,,,,,easy
Architectural,Potential Improper API Usage,"Module 'benchmarks.bench_tsne_mnist' has repetitive API calls: join(5x), add_argument(7x), append(4x), format(7x), save(3x)",D:\scoala\RESEARCH_CODE_SMELLS\Dataset Projects\scikit-learn\benchmarks\bench_tsne_mnist.py,benchmarks.bench_tsne_mnist,,medium,,26.0,,,,,,easy
Architectural,Potential Improper API Usage,"Module 'build_tools.generate_authors_table' has repetitive API calls: join(3x), append(6x), json(5x), write(7x)",D:\scoala\RESEARCH_CODE_SMELLS\Dataset Projects\scikit-learn\build_tools\generate_authors_table.py,build_tools.generate_authors_table,,medium,,21.0,,,,,,easy
Architectural,Potential Improper API Usage,"Module 'build_tools.update_environments_and_lock_files' has repetitive API calls: setLevel(4x), option(5x), debug(3x), get(3x), strip(4x), join(3x), info(7x)",D:\scoala\RESEARCH_CODE_SMELLS\Dataset Projects\scikit-learn\build_tools\update_environments_and_lock_files.py,build_tools.update_environments_and_lock_files,,medium,,29.0,,,,,,easy
Architectural,Potential Improper API Usage,"Module 'github.vendor' has repetitive API calls: join(4x), exists(3x)",D:\scoala\RESEARCH_CODE_SMELLS\Dataset Projects\scikit-learn\build_tools\github\vendor.py,github.vendor,,medium,,7.0,,,,,,easy
Architectural,Potential Improper API Usage,"Module 'doc.conf' has repetitive API calls: join(12x), append(9x), format(4x), extend(3x), items(4x), connect(5x), split(3x), add_js_file(3x), add_css_file(4x), read(4x), startswith(3x)",D:\scoala\RESEARCH_CODE_SMELLS\Dataset Projects\scikit-learn\doc\conf.py,doc.conf,,medium,,54.0,,,,,,medium
Architectural,Potential Improper API Usage,"Module 'sphinxext.sphinx_issues' has repetitive API calls: strip(5x), reference(4x), format(12x), add_config_value(5x), add_role(5x), unescape(5x)",D:\scoala\RESEARCH_CODE_SMELLS\Dataset Projects\scikit-learn\doc\sphinxext\sphinx_issues.py,sphinxext.sphinx_issues,,medium,,36.0,,,,,,easy
Architectural,Potential Improper API Usage,"Module 'applications.plot_cyclical_feature_engineering' has repetitive API calls: subplots(6x), mean(4x), plot(12x), set(3x), value_counts(3x), DataFrame(3x), fit_transform(3x), fit(7x), predict(7x), suptitle(3x), legend(3x), reshape(3x), transform(4x), linspace(4x)",D:\scoala\RESEARCH_CODE_SMELLS\Dataset Projects\scikit-learn\examples\applications\plot_cyclical_feature_engineering.py,applications.plot_cyclical_feature_engineering,,medium,,65.0,,,,,,medium
Architectural,Potential Improper API Usage,"Module 'applications.plot_out_of_core_classification' has repetitive API calls: array(3x), time(12x), figure(4x), append(11x), set_ylim(4x), items(5x), asarray(3x)",D:\scoala\RESEARCH_CODE_SMELLS\Dataset Projects\scikit-learn\examples\applications\plot_out_of_core_classification.py,applications.plot_out_of_core_classification,,medium,,42.0,,,,,,medium
Architectural,Potential Improper API Usage,"Module 'applications.plot_prediction_latency' has repetitive API calls: array(3x), collect(3x), subplots(3x), setp(4x), set_title(3x), set_ylabel(3x), show(3x), time(6x), predict(3x), fit(3x), percentile(3x)",D:\scoala\RESEARCH_CODE_SMELLS\Dataset Projects\scikit-learn\examples\applications\plot_prediction_latency.py,applications.plot_prediction_latency,,medium,,37.0,,,,,,easy
Architectural,Potential Improper API Usage,"Module 'applications.plot_time_series_lagged_features' has repetitive API calls: select(3x), fit(6x), predict(6x), plot(3x), split(5x), append(6x), shift(11x), mean(5x), std(5x), col(13x), get(3x)",D:\scoala\RESEARCH_CODE_SMELLS\Dataset Projects\scikit-learn\examples\applications\plot_time_series_lagged_features.py,applications.plot_time_series_lagged_features,,medium,,66.0,,,,,,medium
Architectural,Potential Improper API Usage,"Module 'applications.plot_tomography_l1_reconstruction' has repetitive API calls: subplot(3x), imshow(3x), axis(3x), title(3x), ravel(4x), astype(4x), hstack(3x)",D:\scoala\RESEARCH_CODE_SMELLS\Dataset Projects\scikit-learn\examples\applications\plot_tomography_l1_reconstruction.py,applications.plot_tomography_l1_reconstruction,,medium,,23.0,,,,,,easy
Architectural,Potential Improper API Usage,"Module 'applications.plot_topics_extraction_with_nmf_lda' has repetitive API calls: fit(5x), get_feature_names_out(5x)",D:\scoala\RESEARCH_CODE_SMELLS\Dataset Projects\scikit-learn\examples\applications\plot_topics_extraction_with_nmf_lda.py,applications.plot_topics_extraction_with_nmf_lda,,medium,,10.0,,,,,,easy
Architectural,Potential Improper API Usage,"Module 'bicluster.plot_spectral_biclustering' has repetitive API calls: matshow(4x), title(4x), show(4x)",D:\scoala\RESEARCH_CODE_SMELLS\Dataset Projects\scikit-learn\examples\bicluster\plot_spectral_biclustering.py,bicluster.plot_spectral_biclustering,,medium,,12.0,,,,,,easy
Architectural,Potential Improper API Usage,"Module 'bicluster.plot_spectral_coclustering' has repetitive API calls: matshow(3x), title(3x)",D:\scoala\RESEARCH_CODE_SMELLS\Dataset Projects\scikit-learn\examples\bicluster\plot_spectral_coclustering.py,bicluster.plot_spectral_coclustering,,medium,,6.0,,,,,,easy
Architectural,Potential Improper API Usage,"Module 'calibration.plot_calibration_curve' has repetitive API calls: add_subplot(4x), fit(5x), append(6x), capitalize(4x), replace(8x)",D:\scoala\RESEARCH_CODE_SMELLS\Dataset Projects\scikit-learn\examples\calibration\plot_calibration_curve.py,calibration.plot_calibration_curve,,medium,,27.0,,,,,,easy
Architectural,Potential Improper API Usage,"Module 'calibration.plot_calibration_multiclass' has repetitive API calls: fit(3x), plot(12x), annotate(7x), ravel(3x)",D:\scoala\RESEARCH_CODE_SMELLS\Dataset Projects\scikit-learn\examples\calibration\plot_calibration_multiclass.py,calibration.plot_calibration_multiclass,,medium,,25.0,,,,,,easy
Architectural,Potential Improper API Usage,"Module 'classification.plot_lda' has repetitive API calls: plot(3x), append(3x), fit(3x), score(3x)",D:\scoala\RESEARCH_CODE_SMELLS\Dataset Projects\scikit-learn\examples\classification\plot_lda.py,classification.plot_lda,,medium,,12.0,,,,,,easy
Architectural,Potential Improper API Usage,"Module 'cluster.plot_digits_agglomeration' has repetitive API calls: reshape(3x), subplot(3x), imshow(3x), xticks(3x), yticks(3x), title(3x)",D:\scoala\RESEARCH_CODE_SMELLS\Dataset Projects\scikit-learn\examples\cluster\plot_digits_agglomeration.py,cluster.plot_digits_agglomeration,,medium,,18.0,,,,,,easy
Architectural,Potential Improper API Usage,"Module 'cluster.plot_face_compress' has repetitive API calls: subplots(5x), imshow(3x), axis(3x), set_title(6x), hist(5x), set_xlabel(3x), set_ylabel(3x), suptitle(3x), reshape(4x), ravel(5x)",D:\scoala\RESEARCH_CODE_SMELLS\Dataset Projects\scikit-learn\examples\cluster\plot_face_compress.py,cluster.plot_face_compress,,medium,,40.0,,,,,,easy
Architectural,Potential Improper API Usage,"Module 'cluster.plot_hdbscan' has repetitive API calls: subplots(8x), fit(9x)",D:\scoala\RESEARCH_CODE_SMELLS\Dataset Projects\scikit-learn\examples\cluster\plot_hdbscan.py,cluster.plot_hdbscan,,medium,,17.0,,,,,,easy
Architectural,Potential Improper API Usage,"Module 'cluster.plot_kmeans_assumptions' has repetitive API calls: subplots(3x), scatter(12x), set_title(10x), set_y(3x), show(5x), fit_predict(8x), suptitle(3x)",D:\scoala\RESEARCH_CODE_SMELLS\Dataset Projects\scikit-learn\examples\cluster\plot_kmeans_assumptions.py,cluster.plot_kmeans_assumptions,,medium,,44.0,,,,,,medium
Architectural,Potential Improper API Usage,"Module 'cluster.plot_mini_batch_kmeans' has repetitive API calls: time(4x), add_subplot(3x), set_title(3x), set_xticks(3x), set_yticks(3x), plot(6x)",D:\scoala\RESEARCH_CODE_SMELLS\Dataset Projects\scikit-learn\examples\cluster\plot_mini_batch_kmeans.py,cluster.plot_mini_batch_kmeans,,medium,,22.0,,,,,,easy
Architectural,Potential Improper API Usage,"Module 'cluster.plot_optics' has repetitive API calls: subplot(4x), plot(10x), set_title(4x), randn(6x)",D:\scoala\RESEARCH_CODE_SMELLS\Dataset Projects\scikit-learn\examples\cluster\plot_optics.py,cluster.plot_optics,,medium,,24.0,,,,,,easy
Architectural,Potential Improper API Usage,"Module 'compose.plot_column_transformer_mixed_types' has repetitive API calls: fit(3x), score(3x)",D:\scoala\RESEARCH_CODE_SMELLS\Dataset Projects\scikit-learn\examples\compose\plot_column_transformer_mixed_types.py,compose.plot_column_transformer_mixed_types,,medium,,6.0,,,,,,easy
Architectural,Potential Improper API Usage,"Module 'compose.plot_transformed_target' has repetitive API calls: subplots(4x), hist(4x), set_ylabel(4x), set_xlabel(4x), set_title(10x), suptitle(4x), tight_layout(4x), fit(4x), predict(4x), from_predictions(6x)",D:\scoala\RESEARCH_CODE_SMELLS\Dataset Projects\scikit-learn\examples\compose\plot_transformed_target.py,compose.plot_transformed_target,,medium,,48.0,,,,,,medium
Architectural,Potential Improper API Usage,"Module 'covariance.plot_covariance_estimation' has repetitive API calls: normal(3x), dot(3x), fit(4x), score(4x), vlines(3x), ylim(3x)",D:\scoala\RESEARCH_CODE_SMELLS\Dataset Projects\scikit-learn\examples\covariance\plot_covariance_estimation.py,covariance.plot_covariance_estimation,,medium,,20.0,,,,,,easy
Architectural,Potential Improper API Usage,"Module 'covariance.plot_lw_vs_oas' has repetitive API calls: zeros(4x), errorbar(4x), ylim(4x), mean(4x), std(4x)",D:\scoala\RESEARCH_CODE_SMELLS\Dataset Projects\scikit-learn\examples\covariance\plot_lw_vs_oas.py,covariance.plot_lw_vs_oas,,medium,,20.0,,,,,,easy
Architectural,Potential Improper API Usage,"Module 'covariance.plot_robust_vs_empirical_covariance' has repetitive API calls: zeros(6x), errorbar(6x), mean(9x), fit(3x), sum(3x), error_norm(3x), std(6x), eye(3x), sqrt(3x)",D:\scoala\RESEARCH_CODE_SMELLS\Dataset Projects\scikit-learn\examples\covariance\plot_robust_vs_empirical_covariance.py,covariance.plot_robust_vs_empirical_covariance,,medium,,42.0,,,,,,medium
Architectural,Potential Improper API Usage,"Module 'cross_decomposition.plot_compare_cross_decomposition' has repetitive API calls: normal(8x), fit(4x), transform(4x), subplot(4x), scatter(8x), xlabel(4x), ylabel(4x), title(4x), xticks(4x), yticks(4x), legend(4x), reshape(5x), round(4x), corrcoef(6x)",D:\scoala\RESEARCH_CODE_SMELLS\Dataset Projects\scikit-learn\examples\cross_decomposition\plot_compare_cross_decomposition.py,cross_decomposition.plot_compare_cross_decomposition,,medium,,67.0,,,,,,medium
Architectural,Potential Improper API Usage,"Module 'cross_decomposition.plot_pcr_vs_pls' has repetitive API calls: fit(4x), scatter(7x), set(5x), legend(3x), show(3x), dot(3x), transform(4x), score(3x)",D:\scoala\RESEARCH_CODE_SMELLS\Dataset Projects\scikit-learn\examples\cross_decomposition\plot_pcr_vs_pls.py,cross_decomposition.plot_pcr_vs_pls,,medium,,32.0,,,,,,easy
Architectural,Potential Improper API Usage,"Module 'decomposition.plot_image_denoising' has repetitive API calls: reshape(4x), subplot(3x), imshow(3x), xticks(3x), yticks(3x)",D:\scoala\RESEARCH_CODE_SMELLS\Dataset Projects\scikit-learn\examples\decomposition\plot_image_denoising.py,decomposition.plot_image_denoising,,medium,,16.0,,,,,,easy
Architectural,Potential Improper API Usage,"Module 'decomposition.plot_kernel_pca' has repetitive API calls: subplots(3x), scatter(8x), set_ylabel(5x), set_xlabel(8x), set_title(8x), transform(4x)",D:\scoala\RESEARCH_CODE_SMELLS\Dataset Projects\scikit-learn\examples\decomposition\plot_kernel_pca.py,decomposition.plot_kernel_pca,,medium,,36.0,,,,,,easy
Architectural,Potential Improper API Usage,"Module 'ensemble.plot_adaboost_multiclass' has repetitive API calls: fit(3x), plot(4x), set_ylabel(3x), set_title(3x)",D:\scoala\RESEARCH_CODE_SMELLS\Dataset Projects\scikit-learn\examples\ensemble\plot_adaboost_multiclass.py,ensemble.plot_adaboost_multiclass,,medium,,13.0,,,,,,easy
Architectural,Potential Improper API Usage,"Module 'ensemble.plot_forest_iris' has repetitive API calls: arange(5x), reshape(3x), predict(3x), ravel(6x)",D:\scoala\RESEARCH_CODE_SMELLS\Dataset Projects\scikit-learn\examples\ensemble\plot_forest_iris.py,ensemble.plot_forest_iris,,medium,,17.0,,,,,,easy
Architectural,Potential Improper API Usage,"Module 'ensemble.plot_gradient_boosting_early_stopping' has repetitive API calls: time(4x), plot(4x), set_ylabel(3x), append(4x), staged_predict(4x)",D:\scoala\RESEARCH_CODE_SMELLS\Dataset Projects\scikit-learn\examples\ensemble\plot_gradient_boosting_early_stopping.py,ensemble.plot_gradient_boosting_early_stopping,,medium,,19.0,,,,,,easy
Architectural,Potential Improper API Usage,"Module 'ensemble.plot_gradient_boosting_quantile' has repetitive API calls: ravel(4x), fit(4x), predict(16x), plot(6x)",D:\scoala\RESEARCH_CODE_SMELLS\Dataset Projects\scikit-learn\examples\ensemble\plot_gradient_boosting_quantile.py,ensemble.plot_gradient_boosting_quantile,,medium,,30.0,,,,,,easy
Architectural,Potential Improper API Usage,"Module 'ensemble.plot_hgbt_regression' has repetitive API calls: subplots(6x), set(5x), legend(5x), mean(4x), plot(7x), fit(6x), from_estimator(4x), predict(3x)",D:\scoala\RESEARCH_CODE_SMELLS\Dataset Projects\scikit-learn\examples\ensemble\plot_hgbt_regression.py,ensemble.plot_hgbt_regression,,medium,,40.0,,,,,,easy
Architectural,Potential Improper API Usage,"Module 'ensemble.plot_isolation_forest' has repetitive API calls: array(3x), scatter(3x), axis(3x), legend(3x), show(3x)",D:\scoala\RESEARCH_CODE_SMELLS\Dataset Projects\scikit-learn\examples\ensemble\plot_isolation_forest.py,ensemble.plot_isolation_forest,,medium,,15.0,,,,,,easy
Architectural,Potential Improper API Usage,"Module 'ensemble.plot_random_forest_embedding' has repetitive API calls: subplot(4x), scatter(4x), set_title(4x), set_xticks(4x), set_yticks(4x), ravel(4x)",D:\scoala\RESEARCH_CODE_SMELLS\Dataset Projects\scikit-learn\examples\ensemble\plot_random_forest_embedding.py,ensemble.plot_random_forest_embedding,,medium,,24.0,,,,,,easy
Architectural,Potential Improper API Usage,"Module 'ensemble.plot_voting_regressor' has repetitive API calls: fit(4x), predict(4x), plot(4x)",D:\scoala\RESEARCH_CODE_SMELLS\Dataset Projects\scikit-learn\examples\ensemble\plot_voting_regressor.py,ensemble.plot_voting_regressor,,medium,,12.0,,,,,,easy
Architectural,Potential Improper API Usage,"Module 'feature_selection.plot_select_from_model_diabetes' has repetitive API calls: fit(5x), get_support(4x)",D:\scoala\RESEARCH_CODE_SMELLS\Dataset Projects\scikit-learn\examples\feature_selection\plot_select_from_model_diabetes.py,feature_selection.plot_select_from_model_diabetes,,medium,,9.0,,,,,,easy
Architectural,Potential Improper API Usage,"Module 'gaussian_process.plot_compare_gpr_krr' has repetitive API calls: ravel(3x), plot(13x), scatter(6x), legend(6x), xlabel(6x), ylabel(6x), title(6x), fit(5x), time(10x), predict(5x)",D:\scoala\RESEARCH_CODE_SMELLS\Dataset Projects\scikit-learn\examples\gaussian_process\plot_compare_gpr_krr.py,gaussian_process.plot_compare_gpr_krr,,medium,,66.0,,,,,,medium
Architectural,Potential Improper API Usage,"Module 'gaussian_process.plot_gpr_noisy' has repetitive API calls: reshape(3x), plot(5x), legend(5x), xlabel(6x), ylabel(6x), scatter(4x), fit(3x), predict(3x), errorbar(3x), title(4x), logspace(3x), log_marginal_likelihood(4x)",D:\scoala\RESEARCH_CODE_SMELLS\Dataset Projects\scikit-learn\examples\gaussian_process\plot_gpr_noisy.py,gaussian_process.plot_gpr_noisy,,medium,,49.0,,,,,,medium
Architectural,Potential Improper API Usage,"Module 'gaussian_process.plot_gpr_noisy_targets' has repetitive API calls: plot(5x), legend(3x), xlabel(3x), ylabel(3x), title(3x)",D:\scoala\RESEARCH_CODE_SMELLS\Dataset Projects\scikit-learn\examples\gaussian_process\plot_gpr_noisy_targets.py,gaussian_process.plot_gpr_noisy_targets,,medium,,17.0,,,,,,easy
Architectural,Potential Improper API Usage,"Module 'gaussian_process.plot_gpr_on_structured_data' has repetitive API calls: array(9x), diag(3x), figure(3x), xticks(3x), title(3x), show(3x), scatter(3x), arange(8x), _f(3x)",D:\scoala\RESEARCH_CODE_SMELLS\Dataset Projects\scikit-learn\examples\gaussian_process\plot_gpr_on_structured_data.py,gaussian_process.plot_gpr_on_structured_data,,medium,,38.0,,,,,,easy
Architectural,Potential Improper API Usage,"Module 'gaussian_process.plot_gpr_prior_posterior' has repetitive API calls: subplots(5x), set_title(10x), fit(5x), scatter(5x), legend(5x), suptitle(5x), tight_layout(5x), log_marginal_likelihood(5x)",D:\scoala\RESEARCH_CODE_SMELLS\Dataset Projects\scikit-learn\examples\gaussian_process\plot_gpr_prior_posterior.py,gaussian_process.plot_gpr_prior_posterior,,medium,,45.0,,,,,,medium
Architectural,Potential Improper API Usage,"Module 'inspection.plot_linear_model_coefficient_interpretation' has repetitive API calls: fit(4x), predict(8x), subplots(4x), from_predictions(4x), set_title(4x), items(4x), legend(4x), tight_layout(4x), DataFrame(11x), barh(4x), title(12x), axvline(9x), xlabel(9x), subplots_adjust(10x), plot(6x), figure(4x), stripplot(4x), boxplot(4x), transform(3x), std(4x)",D:\scoala\RESEARCH_CODE_SMELLS\Dataset Projects\scikit-learn\examples\inspection\plot_linear_model_coefficient_interpretation.py,inspection.plot_linear_model_coefficient_interpretation,,medium,,116.0,,,,,,medium
Architectural,Potential Improper API Usage,"Module 'inspection.plot_partial_dependence' has repetitive API calls: subplots(9x), fit(3x), from_estimator(8x), suptitle(9x), groupby(3x), score(3x)",D:\scoala\RESEARCH_CODE_SMELLS\Dataset Projects\scikit-learn\examples\inspection\plot_partial_dependence.py,inspection.plot_partial_dependence,,medium,,35.0,,,,,,easy
Architectural,Potential Improper API Usage,"Module 'inspection.plot_permutation_importance' has repetitive API calls: set_title(4x), tight_layout(4x), argsort(3x), DataFrame(4x), box(3x), axvline(3x), set_xlabel(3x), score(4x)",D:\scoala\RESEARCH_CODE_SMELLS\Dataset Projects\scikit-learn\examples\inspection\plot_permutation_importance.py,inspection.plot_permutation_importance,,medium,,28.0,,,,,,easy
Architectural,Potential Improper API Usage,"Module 'kernel_approximation.plot_scalable_poly_kernels' has repetitive API calls: time(6x), fit(3x), scatter(4x), score(3x)",D:\scoala\RESEARCH_CODE_SMELLS\Dataset Projects\scikit-learn\examples\kernel_approximation\plot_scalable_poly_kernels.py,kernel_approximation.plot_scalable_poly_kernels,,medium,,16.0,,,,,,easy
Architectural,Potential Improper API Usage,"Module 'linear_model.plot_huber_vs_ridge' has repetitive API calls: plot(3x), max(3x), min(3x), mean(4x)",D:\scoala\RESEARCH_CODE_SMELLS\Dataset Projects\scikit-learn\examples\linear_model\plot_huber_vs_ridge.py,linear_model.plot_huber_vs_ridge,,medium,,13.0,,,,,,easy
Architectural,Potential Improper API Usage,"Module 'linear_model.plot_lasso_lasso_lars_elasticnet_path' has repetitive API calls: figure(5x), xlabel(5x), ylabel(5x), title(5x), legend(5x), axis(5x), semilogx(8x)",D:\scoala\RESEARCH_CODE_SMELLS\Dataset Projects\scikit-learn\examples\linear_model\plot_lasso_lasso_lars_elasticnet_path.py,linear_model.plot_lasso_lasso_lars_elasticnet_path,,medium,,38.0,,,,,,easy
Architectural,Potential Improper API Usage,"Module 'linear_model.plot_logistic_l1_l2_sparsity' has repetitive API calls: fit(3x), ravel(3x), mean(3x), set_title(3x), score(3x)",D:\scoala\RESEARCH_CODE_SMELLS\Dataset Projects\scikit-learn\examples\linear_model\plot_logistic_l1_l2_sparsity.py,linear_model.plot_logistic_l1_l2_sparsity,,medium,,15.0,,,,,,easy
Architectural,Potential Improper API Usage,"Module 'linear_model.plot_ols_ridge' has repetitive API calls: fit(3x), predict(4x), scatter(4x), plot(4x)",D:\scoala\RESEARCH_CODE_SMELLS\Dataset Projects\scikit-learn\examples\linear_model\plot_ols_ridge.py,linear_model.plot_ols_ridge,,medium,,15.0,,,,,,easy
Architectural,Potential Improper API Usage,"Module 'linear_model.plot_omp' has repetitive API calls: nonzero(4x), subplot(4x), xlim(4x), title(4x), stem(4x), fit(3x)",D:\scoala\RESEARCH_CODE_SMELLS\Dataset Projects\scikit-learn\examples\linear_model\plot_omp.py,linear_model.plot_omp,,medium,,23.0,,,,,,easy
Architectural,Potential Improper API Usage,"Module 'linear_model.plot_poisson_regression_non_normal_loss' has repetitive API calls: subplots(4x), set_title(4x), hist(5x), fit(4x), format(4x), plot(5x), set(3x), predict(4x), asarray(3x), average(3x), sum(5x)",D:\scoala\RESEARCH_CODE_SMELLS\Dataset Projects\scikit-learn\examples\linear_model\plot_poisson_regression_non_normal_loss.py,linear_model.plot_poisson_regression_non_normal_loss,,medium,,44.0,,,,,,medium
Architectural,Potential Improper API Usage,"Module 'linear_model.plot_polynomial_interpolation' has repetitive API calls: linspace(5x), subplots(4x), plot(8x), fit(6x), predict(3x), legend(5x), show(4x), transform(3x)",D:\scoala\RESEARCH_CODE_SMELLS\Dataset Projects\scikit-learn\examples\linear_model\plot_polynomial_interpolation.py,linear_model.plot_polynomial_interpolation,,medium,,38.0,,,,,,easy
Architectural,Potential Improper API Usage,"Module 'linear_model.plot_quantile_regression' has repetitive API calls: plot(6x), scatter(6x), set_title(4x), legend(4x), set_xlabel(4x), predict(4x), logical_or(4x), fit(4x), mean(4x)",D:\scoala\RESEARCH_CODE_SMELLS\Dataset Projects\scikit-learn\examples\linear_model\plot_quantile_regression.py,linear_model.plot_quantile_regression,,medium,,40.0,,,,,,easy
Architectural,Potential Improper API Usage,"Module 'linear_model.plot_sgdocsvm_vs_ocsvm' has repetitive API calls: predict(6x), from_estimator(6x), scatter(6x), linspace(4x), reshape(4x), ravel(4x)",D:\scoala\RESEARCH_CODE_SMELLS\Dataset Projects\scikit-learn\examples\linear_model\plot_sgdocsvm_vs_ocsvm.py,linear_model.plot_sgdocsvm_vs_ocsvm,,medium,,30.0,,,,,,easy
Architectural,Potential Improper API Usage,"Module 'linear_model.plot_tweedie_regression_insurance_claims' has repetitive API calls: clip(3x), fit(4x), subplots(3x), predict(17x), format(4x), plot(5x), set_index(3x), sum(5x), asarray(3x), mean(4x)",D:\scoala\RESEARCH_CODE_SMELLS\Dataset Projects\scikit-learn\examples\linear_model\plot_tweedie_regression_insurance_claims.py,linear_model.plot_tweedie_regression_insurance_claims,,medium,,51.0,,,,,,medium
Architectural,Potential Improper API Usage,"Module 'manifold.plot_compare_methods' has repetitive API calls: LocallyLinearEmbedding(4x), fit_transform(8x), subplots(3x), suptitle(3x), show(3x), set_major_locator(3x), MultipleLocator(3x)",D:\scoala\RESEARCH_CODE_SMELLS\Dataset Projects\scikit-learn\examples\manifold\plot_compare_methods.py,manifold.plot_compare_methods,,medium,,27.0,,,,,,easy
Architectural,Potential Improper API Usage,"Module 'manifold.plot_manifold_sphere' has repetitive API calls: add_subplot(6x), scatter(6x), title(5x), set_major_formatter(10x), axis(5x), fit_transform(5x), sin(3x)",D:\scoala\RESEARCH_CODE_SMELLS\Dataset Projects\scikit-learn\examples\manifold\plot_manifold_sphere.py,manifold.plot_manifold_sphere,,medium,,40.0,,,,,,easy
Architectural,Potential Improper API Usage,"Module 'manifold.plot_t_sne_perplexity' has repetitive API calls: scatter(8x), set_major_formatter(12x), axis(4x), ravel(3x), TSNE(3x), fit_transform(3x), set_title(3x)",D:\scoala\RESEARCH_CODE_SMELLS\Dataset Projects\scikit-learn\examples\manifold\plot_t_sne_perplexity.py,manifold.plot_t_sne_perplexity,,medium,,36.0,,,,,,easy
Architectural,Potential Improper API Usage,Module 'miscellaneous.plot_display_object_visualization' has repetitive API calls: plot(5x),D:\scoala\RESEARCH_CODE_SMELLS\Dataset Projects\scikit-learn\examples\miscellaneous\plot_display_object_visualization.py,miscellaneous.plot_display_object_visualization,,medium,,5.0,,,,,,easy
Architectural,Potential Improper API Usage,"Module 'miscellaneous.plot_johnson_lindenstrauss_bound' has repetitive API calls: linspace(4x), figure(4x), xlabel(4x), ylabel(4x), title(4x), show(3x)",D:\scoala\RESEARCH_CODE_SMELLS\Dataset Projects\scikit-learn\examples\miscellaneous\plot_johnson_lindenstrauss_bound.py,miscellaneous.plot_johnson_lindenstrauss_bound,,medium,,23.0,,,,,,easy
Architectural,Potential Improper API Usage,"Module 'miscellaneous.plot_kernel_approximation' has repetitive API calls: LinearSVC(3x), fit(5x), score(4x), subplot(3x), plot(9x), arange(3x), append(4x)",D:\scoala\RESEARCH_CODE_SMELLS\Dataset Projects\scikit-learn\examples\miscellaneous\plot_kernel_approximation.py,miscellaneous.plot_kernel_approximation,,medium,,31.0,,,,,,easy
Architectural,Potential Improper API Usage,"Module 'miscellaneous.plot_kernel_ridge_regression' has repetitive API calls: time(12x), fit(3x), predict(3x), plot(4x), legend(3x), logspace(3x)",D:\scoala\RESEARCH_CODE_SMELLS\Dataset Projects\scikit-learn\examples\miscellaneous\plot_kernel_ridge_regression.py,miscellaneous.plot_kernel_ridge_regression,,medium,,28.0,,,,,,easy
Architectural,Potential Improper API Usage,"Module 'miscellaneous.plot_metadata_routing' has repetitive API calls: rand(3x), fit(21x), predict(7x), set_fit_request(14x), set_predict_request(3x), add(19x), validate_metadata(4x), route_params(4x), transform(3x)",D:\scoala\RESEARCH_CODE_SMELLS\Dataset Projects\scikit-learn\examples\miscellaneous\plot_metadata_routing.py,miscellaneous.plot_metadata_routing,,medium,,78.0,,,,,,medium
Architectural,Potential Improper API Usage,"Module 'miscellaneous.plot_outlier_detection_bench' has repetitive API calls: astype(5x), subplots(4x), set_title(4x), mean(4x), fit(5x), from_predictions(4x), sum(4x)",D:\scoala\RESEARCH_CODE_SMELLS\Dataset Projects\scikit-learn\examples\miscellaneous\plot_outlier_detection_bench.py,miscellaneous.plot_outlier_detection_bench,,medium,,30.0,,,,,,easy
Architectural,Potential Improper API Usage,"Module 'miscellaneous.plot_partial_dependence_visualization_api' has repetitive API calls: subplots(4x), set_title(4x), from_estimator(4x), plot(6x), legend(4x)",D:\scoala\RESEARCH_CODE_SMELLS\Dataset Projects\scikit-learn\examples\miscellaneous\plot_partial_dependence_visualization_api.py,miscellaneous.plot_partial_dependence_visualization_api,,medium,,22.0,,,,,,easy
Architectural,Potential Improper API Usage,"Module 'miscellaneous.plot_set_output' has repetitive API calls: head(3x), set_output(4x), fit(7x), transform(5x)",D:\scoala\RESEARCH_CODE_SMELLS\Dataset Projects\scikit-learn\examples\miscellaneous\plot_set_output.py,miscellaneous.plot_set_output,,medium,,19.0,,,,,,easy
Architectural,Potential Improper API Usage,"Module 'model_selection.plot_cost_sensitive_learning' has repetitive API calls: set_config(3x), value_counts(3x), fit(9x), subplots(3x), from_estimator(4x), plot(6x), set_title(6x), legend(5x), sum(5x)",D:\scoala\RESEARCH_CODE_SMELLS\Dataset Projects\scikit-learn\examples\model_selection\plot_cost_sensitive_learning.py,model_selection.plot_cost_sensitive_learning,,medium,,44.0,,,,,,medium
Architectural,Potential Improper API Usage,"Module 'model_selection.plot_grid_search_refit_callable' has repetitive API calls: mean(7x), std(5x), alias(8x), col(9x), round(5x), lit(4x)",D:\scoala\RESEARCH_CODE_SMELLS\Dataset Projects\scikit-learn\examples\model_selection\plot_grid_search_refit_callable.py,model_selection.plot_grid_search_refit_callable,,medium,,38.0,,,,,,easy
Architectural,Potential Improper API Usage,"Module 'model_selection.plot_learning_curve' has repetitive API calls: subplots(3x), set_title(3x), plot(3x), fill_between(3x), set_ylabel(3x), mean(11x), std(6x)",D:\scoala\RESEARCH_CODE_SMELLS\Dataset Projects\scikit-learn\examples\model_selection\plot_learning_curve.py,model_selection.plot_learning_curve,,medium,,32.0,,,,,,easy
Architectural,Potential Improper API Usage,"Module 'model_selection.plot_roc' has repetitive API calls: from_predictions(5x), set(5x), zeros_like(3x), subplots(3x), plot(6x), flatnonzero(3x), ravel(5x), interp(3x)",D:\scoala\RESEARCH_CODE_SMELLS\Dataset Projects\scikit-learn\examples\model_selection\plot_roc.py,model_selection.plot_roc,,medium,,33.0,,,,,,easy
Architectural,Potential Improper API Usage,"Module 'neighbors.plot_kde_1d' has repetitive API calls: linspace(4x), subplots(3x), text(6x), fit(4x), score_samples(4x), fill(4x), plot(3x), set_xlim(3x), set_ylim(3x), exp(4x), normal(4x)",D:\scoala\RESEARCH_CODE_SMELLS\Dataset Projects\scikit-learn\examples\neighbors\plot_kde_1d.py,neighbors.plot_kde_1d,,medium,,42.0,,,,,,medium
Architectural,Potential Improper API Usage,"Module 'neural_networks.plot_mlp_alpha' has repetitive API calls: scatter(4x), min(7x), max(7x), ravel(4x)",D:\scoala\RESEARCH_CODE_SMELLS\Dataset Projects\scikit-learn\examples\neural_networks\plot_mlp_alpha.py,neural_networks.plot_mlp_alpha,,medium,,22.0,,,,,,easy
Architectural,Potential Improper API Usage,"Module 'preprocessing.plot_discretization_classification' has repetitive API calls: scatter(4x), arange(4x), min(6x), max(6x), logspace(6x), ravel(4x)",D:\scoala\RESEARCH_CODE_SMELLS\Dataset Projects\scikit-learn\examples\preprocessing\plot_discretization_classification.py,preprocessing.plot_discretization_classification,,medium,,30.0,,,,,,easy
Architectural,Potential Improper API Usage,"Module 'release_highlights.plot_release_highlights_0_23_0' has repetitive API calls: RandomState(4x), fit(6x), score(3x)",D:\scoala\RESEARCH_CODE_SMELLS\Dataset Projects\scikit-learn\examples\release_highlights\plot_release_highlights_0_23_0.py,release_highlights.plot_release_highlights_0_23_0,,medium,,13.0,,,,,,easy
Architectural,Potential Improper API Usage,"Module 'release_highlights.plot_release_highlights_0_24_0' has repetitive API calls: RandomState(3x), fit(7x)",D:\scoala\RESEARCH_CODE_SMELLS\Dataset Projects\scikit-learn\examples\release_highlights\plot_release_highlights_0_24_0.py,release_highlights.plot_release_highlights_0_24_0,,medium,,10.0,,,,,,easy
Architectural,Potential Improper API Usage,"Module 'release_highlights.plot_release_highlights_1_6_0' has repetitive API calls: time(4x), fit(3x)",D:\scoala\RESEARCH_CODE_SMELLS\Dataset Projects\scikit-learn\examples\release_highlights\plot_release_highlights_1_6_0.py,release_highlights.plot_release_highlights_1_6_0,,medium,,7.0,,,,,,easy
Architectural,Potential Improper API Usage,"Module 'semi_supervised.plot_self_training_varying_threshold' has repetitive API calls: empty(3x), errorbar(3x), set_ylabel(3x), mean(3x), std(3x)",D:\scoala\RESEARCH_CODE_SMELLS\Dataset Projects\scikit-learn\examples\semi_supervised\plot_self_training_varying_threshold.py,semi_supervised.plot_self_training_varying_threshold,,medium,,15.0,,,,,,easy
Architectural,Potential Improper API Usage,"Module 'svm.plot_svm_scale_c' has repetitive API calls: plot(4x), set_title(4x), axvline(4x), idxmax(4x)",D:\scoala\RESEARCH_CODE_SMELLS\Dataset Projects\scikit-learn\examples\svm\plot_svm_scale_c.py,svm.plot_svm_scale_c,,medium,,16.0,,,,,,easy
Architectural,Potential Improper API Usage,"Module 'text.plot_document_classification_20newsgroups' has repetitive API calls: fit(3x), predict(3x), subplots(5x), set_ticklabels(4x), set_title(4x), set(3x)",D:\scoala\RESEARCH_CODE_SMELLS\Dataset Projects\scikit-learn\examples\text\plot_document_classification_20newsgroups.py,text.plot_document_classification_20newsgroups,,medium,,22.0,,,,,,easy
Architectural,Potential Improper API Usage,"Module 'text.plot_hashing_vs_dict_vectorizer' has repetitive API calls: fit_transform(4x), append(12x), transform(3x), get_feature_names_out(3x)",D:\scoala\RESEARCH_CODE_SMELLS\Dataset Projects\scikit-learn\examples\text\plot_hashing_vs_dict_vectorizer.py,text.plot_hashing_vs_dict_vectorizer,,medium,,22.0,,,,,,easy
Architectural,Potential Improper API Usage,"Module 'tree.plot_cost_complexity_pruning' has repetitive API calls: subplots(3x), plot(5x), set_xlabel(4x), set_ylabel(4x), set_title(4x)",D:\scoala\RESEARCH_CODE_SMELLS\Dataset Projects\scikit-learn\examples\tree\plot_cost_complexity_pruning.py,tree.plot_cost_complexity_pruning,,medium,,20.0,,,,,,easy
Architectural,Potential Improper API Usage,"Module 'tree.plot_tree_regression' has repetitive API calls: ravel(3x), fit(5x), predict(5x), scatter(5x), rand(4x)",D:\scoala\RESEARCH_CODE_SMELLS\Dataset Projects\scikit-learn\examples\tree\plot_tree_regression.py,tree.plot_tree_regression,,medium,,22.0,,,,,,easy
Architectural,Potential Improper API Usage,"Module 'sklearn.base' has repetitive API calls: get_params(6x), items(8x), deepcopy(3x), update(3x), startswith(3x), __sklearn_tags__(8x), predict(3x), fit(4x), warn(7x), end(3x), match(3x), stack(4x)",D:\scoala\RESEARCH_CODE_SMELLS\Dataset Projects\scikit-learn\sklearn\base.py,sklearn.base,,medium,,55.0,,,,,,medium
Architectural,Potential Improper API Usage,"Module 'sklearn.calibration' has repetitive API calls: fit(6x), bincount(3x), _get_estimator(3x), add(4x), reshape(4x), append(3x), sum(6x), plot(3x)",D:\scoala\RESEARCH_CODE_SMELLS\Dataset Projects\scikit-learn\sklearn\calibration.py,sklearn.calibration,,medium,,32.0,,,,,,easy
Architectural,Potential Improper API Usage,"Module 'sklearn.discriminant_analysis' has repetitive API calls: _decision_function(3x), dot(6x), asarray(6x), sum(11x), decision_function(3x), log(7x), append(6x), astype(3x)",D:\scoala\RESEARCH_CODE_SMELLS\Dataset Projects\scikit-learn\sklearn\discriminant_analysis.py,sklearn.discriminant_analysis,,medium,,45.0,,,,,,medium
Architectural,Potential Improper API Usage,"Module 'sklearn.kernel_approximation' has repetitive API calls: issparse(5x), __sklearn_tags__(5x), uniform(3x), cos(4x), log(4x), zeros_like(3x), sqrt(10x), hstack(4x), csr_matrix(3x), astype(4x), append(4x)",D:\scoala\RESEARCH_CODE_SMELLS\Dataset Projects\scikit-learn\sklearn\kernel_approximation.py,sklearn.kernel_approximation,,medium,,49.0,,,,,,medium
Architectural,Potential Improper API Usage,"Module 'sklearn.multiclass' has repetitive API calls: unique(5x), fit(3x), ravel(4x), repeat(3x), __sklearn_tags__(4x), add(8x), decision_function(4x), array(7x)",D:\scoala\RESEARCH_CODE_SMELLS\Dataset Projects\scikit-learn\sklearn\multiclass.py,sklearn.multiclass,,medium,,38.0,,,,,,easy
Architectural,Potential Improper API Usage,"Module 'sklearn.multioutput' has repetitive API calls: fit(6x), partial_fit(3x), __sklearn_tags__(5x), add(7x), __init__(3x), zeros(3x), _get_predictions(3x), issparse(5x), _get_estimator(7x), coo_array(3x), hstack(4x)",D:\scoala\RESEARCH_CODE_SMELLS\Dataset Projects\scikit-learn\sklearn\multioutput.py,sklearn.multioutput,,medium,,49.0,,,,,,medium
Architectural,Potential Improper API Usage,"Module 'sklearn.naive_bayes' has repetitive API calls: _check_X(4x), _joint_log_likelihood(3x), _check_X_y(3x), astype(3x), zeros(9x), __sklearn_tags__(4x), __init__(4x), sum(17x), log(14x), atleast_2d(3x), reshape(3x)",D:\scoala\RESEARCH_CODE_SMELLS\Dataset Projects\scikit-learn\sklearn\naive_bayes.py,sklearn.naive_bayes,,medium,,67.0,,,,,,medium
Architectural,Potential Improper API Usage,"Module 'sklearn.pipeline' has repetitive API calls: transform(16x), _iter(22x), items(5x), _check_method_params(3x), _fit(3x), add(37x), fit(4x), hstack(3x), _get_metadata_for_step(3x), _log_message(6x), get(8x)",D:\scoala\RESEARCH_CODE_SMELLS\Dataset Projects\scikit-learn\sklearn\pipeline.py,sklearn.pipeline,,medium,,110.0,,,,,,medium
Architectural,Potential Improper API Usage,"Module 'cluster._affinity_propagation' has repetitive API calls: zeros(4x), arange(7x), warn(4x), argmax(4x), sum(5x), array(6x), diag(3x)",D:\scoala\RESEARCH_CODE_SMELLS\Dataset Projects\scikit-learn\sklearn\cluster\_affinity_propagation.py,cluster._affinity_propagation,,medium,,33.0,,,,,,easy
Architectural,Potential Improper API Usage,"Module 'cluster._agglomerative' has repetitive API calls: astype(5x), arange(3x), asarray(4x), array(5x), zeros(3x), empty(7x), warn(3x), append(6x), extend(3x), keys(3x)",D:\scoala\RESEARCH_CODE_SMELLS\Dataset Projects\scikit-learn\sklearn\cluster\_agglomerative.py,cluster._agglomerative,,medium,,42.0,,,,,,medium
Architectural,Potential Improper API Usage,"Module 'cluster._bicluster' has repetitive API calls: mean(3x), isnan(4x), vstack(5x), _k_means(3x), sum(9x)",D:\scoala\RESEARCH_CODE_SMELLS\Dataset Projects\scikit-learn\sklearn\metrics\cluster\_bicluster.py,cluster._bicluster,,medium,,24.0,,,,,,easy
Architectural,Potential Improper API Usage,"Module 'cluster._birch' has repetitive API calls: zeros(3x), append_subcluster(8x), dot(4x), update(3x)",D:\scoala\RESEARCH_CODE_SMELLS\Dataset Projects\scikit-learn\sklearn\cluster\_birch.py,cluster._birch,,medium,,18.0,,,,,,easy
Architectural,Potential Improper API Usage,"Module 'cluster._bisect_k_means' has repetitive API calls: iter_leaves(4x), full(3x), _predict_recursive(3x), issparse(4x)",D:\scoala\RESEARCH_CODE_SMELLS\Dataset Projects\scikit-learn\sklearn\cluster\_bisect_k_means.py,cluster._bisect_k_means,,medium,,14.0,,,,,,easy
Architectural,Potential Improper API Usage,"Module 'cluster._kmeans' has repetitive API calls: choice(3x), full(4x), issparse(12x), fit(3x), zeros(9x), toarray(3x), _check_test_data(3x), _check_params_vs_input(5x), warn(6x), sum(7x), _check_mkl_vcomp(3x), randint(3x), _validate_center_shape(4x), _init_centroids(3x)",D:\scoala\RESEARCH_CODE_SMELLS\Dataset Projects\scikit-learn\sklearn\cluster\_kmeans.py,cluster._kmeans,,medium,,68.0,,,,,,medium
Architectural,Potential Improper API Usage,"Module 'covariance._graph_lasso' has repetitive API calls: sum(7x), copy(6x), finfo(7x), abs(6x), append(10x), __init__(3x), mean(4x), zeros(3x), isfinite(4x), log10(4x)",D:\scoala\RESEARCH_CODE_SMELLS\Dataset Projects\scikit-learn\sklearn\covariance\_graph_lasso.py,covariance._graph_lasso,,medium,,54.0,,,,,,medium
Architectural,Potential Improper API Usage,"Module 'covariance._robust_covariance' has repetitive API calls: asarray(8x), mean(5x), isinf(3x), sum(9x), pinvh(6x), permutation(3x), zeros(9x), ceil(3x), dot(8x)",D:\scoala\RESEARCH_CODE_SMELLS\Dataset Projects\scikit-learn\sklearn\covariance\_robust_covariance.py,covariance._robust_covariance,,medium,,54.0,,,,,,medium
Architectural,Potential Improper API Usage,"Module 'covariance._shrunk_covariance' has repetitive API calls: mean(9x), sum(12x), trace(3x), _set_covariance(3x), dot(8x), zeros(3x)",D:\scoala\RESEARCH_CODE_SMELLS\Dataset Projects\scikit-learn\sklearn\covariance\_shrunk_covariance.py,covariance._shrunk_covariance,,medium,,38.0,,,,,,easy
Architectural,Potential Improper API Usage,"Module 'cross_decomposition._pls' has repetitive API calls: dot(33x), finfo(3x), abs(3x), zeros(6x), pop(3x), __init__(3x), fit(3x), reshape(4x), outer(3x)",D:\scoala\RESEARCH_CODE_SMELLS\Dataset Projects\scikit-learn\sklearn\cross_decomposition\_pls.py,cross_decomposition._pls,,medium,,61.0,,,,,,medium
Architectural,Potential Improper API Usage,"Module 'datasets._openml' has repetitive API calls: format(17x), get(4x), update(3x), exists(3x)",D:\scoala\RESEARCH_CODE_SMELLS\Dataset Projects\scikit-learn\sklearn\datasets\_openml.py,datasets._openml,,medium,,27.0,,,,,,easy
Architectural,Potential Improper API Usage,"Module 'datasets._rcv1' has repetitive API calls: zeros(3x), argsort(3x), dump(4x), load(4x)",D:\scoala\RESEARCH_CODE_SMELLS\Dataset Projects\scikit-learn\sklearn\datasets\_rcv1.py,datasets._rcv1,,medium,,14.0,,,,,,easy
Architectural,Potential Improper API Usage,"Module 'datasets._samples_generator' has repetitive API calls: astype(4x), zeros(9x), standard_normal(12x), arange(5x), uniform(28x), sum(7x), cumsum(3x), array(5x), ones(4x), squeeze(4x), linspace(6x), cos(6x), sin(7x), hstack(8x), empty(3x), dot(9x), normal(9x), permutation(3x), vstack(7x), multinomial(4x), randint(3x), shuffle(3x), append(6x), repeat(10x), format(3x)",D:\scoala\RESEARCH_CODE_SMELLS\Dataset Projects\scikit-learn\sklearn\datasets\_samples_generator.py,datasets._samples_generator,,medium,,168.0,,,,,,hard
Architectural,Potential Improper API Usage,"Module 'datasets._svmlight_format_io' has repetitive API calls: frombuffer(5x), issparse(3x), sort_indices(3x), write(3x), encode(3x)",D:\scoala\RESEARCH_CODE_SMELLS\Dataset Projects\scikit-learn\sklearn\datasets\_svmlight_format_io.py,datasets._svmlight_format_io,,medium,,17.0,,,,,,easy
Architectural,Potential Improper API Usage,"Module 'decomposition._factor_analysis' has repetitive API calls: inv(3x), dot(12x), sum(6x)",D:\scoala\RESEARCH_CODE_SMELLS\Dataset Projects\scikit-learn\sklearn\decomposition\_factor_analysis.py,decomposition._factor_analysis,,medium,,21.0,,,,,,easy
Architectural,Potential Improper API Usage,"Module 'decomposition._fastica' has repetitive API calls: multi_dot(4x), _fit_transform(3x), dot(10x), sqrt(5x), append(3x), warn(4x), mean(6x), sum(3x)",D:\scoala\RESEARCH_CODE_SMELLS\Dataset Projects\scikit-learn\sklearn\decomposition\_fastica.py,decomposition._fastica,,medium,,38.0,,,,,,easy
Architectural,Potential Improper API Usage,"Module 'decomposition._lda' has repetitive API calls: exp(4x), _e_step(4x), _check_non_neg_array(5x), _perplexity_precomp_distr(3x), _unnormalized_transform(3x), sum(7x), dot(4x), _em_step(3x)",D:\scoala\RESEARCH_CODE_SMELLS\Dataset Projects\scikit-learn\sklearn\decomposition\_lda.py,decomposition._lda,,medium,,33.0,,,,,,easy
Architectural,Potential Improper API Usage,"Module 'decomposition._nmf' has repetitive API calls: finfo(5x), dot(18x), atleast_2d(3x), issparse(9x), time(3x), ravel(4x), sqrt(8x), empty(3x), abs(6x), _fit_transform(4x), _check_params(5x), _check_w_h(3x), _compute_regularization(3x), copy(7x), _solve_W(3x), sum(15x), format(3x), mean(5x), warn(5x), norm(4x), standard_normal(4x)",D:\scoala\RESEARCH_CODE_SMELLS\Dataset Projects\scikit-learn\sklearn\decomposition\_nmf.py,decomposition._nmf,,medium,,120.0,,,,,,medium
Architectural,Potential Improper API Usage,"Module 'decomposition._pca' has repetitive API calls: sum(7x), asarray(12x), mean(4x), reshape(4x)",D:\scoala\RESEARCH_CODE_SMELLS\Dataset Projects\scikit-learn\sklearn\decomposition\_pca.py,decomposition._pca,,medium,,27.0,,,,,,easy
Architectural,Potential Improper API Usage,"Module 'ensemble._bagging' has repetitive API calls: zeros(4x), randint(3x), __init__(3x), add(10x), predict_proba(4x), predict(4x), logaddexp(4x), _get_estimator(7x), get(3x)",D:\scoala\RESEARCH_CODE_SMELLS\Dataset Projects\scikit-learn\sklearn\ensemble\_bagging.py,ensemble._bagging,,medium,,42.0,,,,,,medium
Architectural,Potential Improper API Usage,"Module 'ensemble._forest' has repetitive API calls: pop(5x), __init__(8x), _validate_X_predict(4x), zeros(8x), __sklearn_tags__(4x), predict_proba(3x), asarray(4x), copy(3x), squeeze(3x), argmax(3x)",D:\scoala\RESEARCH_CODE_SMELLS\Dataset Projects\scikit-learn\sklearn\ensemble\_forest.py,ensemble._forest,,medium,,45.0,,,,,,medium
Architectural,Potential Improper API Usage,"Module 'ensemble._gb' has repetitive API calls: copy(4x), apply(3x), predict_proba(4x), astype(6x), reshape(3x), take(7x), append(4x), zeros(10x), resize(4x), _check_initialized(3x), _raw_predict(3x), ravel(3x), _staged_raw_predict(6x), fit(3x), average(6x), format(4x), _loss(5x)",D:\scoala\RESEARCH_CODE_SMELLS\Dataset Projects\scikit-learn\sklearn\ensemble\_gb.py,ensemble._gb,,medium,,78.0,,,,,,medium
Architectural,Potential Improper API Usage,"Module 'ensemble._stacking' has repetitive API calls: __init__(3x), predict(3x), add(4x), fit(4x), append(7x), transform(5x), array(3x)",D:\scoala\RESEARCH_CODE_SMELLS\Dataset Projects\scikit-learn\sklearn\ensemble\_stacking.py,ensemble._stacking,,medium,,29.0,,,,,,easy
Architectural,Potential Improper API Usage,"Module 'ensemble._weight_boosting' has repetitive API calls: log(6x), __init__(3x), sum(8x), _validate_estimator(3x), _check_X(6x), predict(5x), take(4x), staged_decision_function(3x), argmax(3x), arange(3x), array(3x)",D:\scoala\RESEARCH_CODE_SMELLS\Dataset Projects\scikit-learn\sklearn\ensemble\_weight_boosting.py,ensemble._weight_boosting,,medium,,47.0,,,,,,medium
Architectural,Potential Improper API Usage,"Module '_hist_gradient_boosting.gradient_boosting' has repetitive API calls: fit_transform(3x), zeros(8x), _preprocess_X(4x), astype(8x), asarray(7x), append(7x), format(17x), _staged_raw_predict(4x), _raw_predict(6x), transform(3x), arange(3x), reshape(3x), _should_stop(4x), ravel(6x)",D:\scoala\RESEARCH_CODE_SMELLS\Dataset Projects\scikit-learn\sklearn\ensemble\_hist_gradient_boosting\gradient_boosting.py,_hist_gradient_boosting.gradient_boosting,,medium,,83.0,,,,,,medium
Architectural,Potential Improper API Usage,"Module '_hist_gradient_boosting.grower' has repetitive API calls: set_children_bounds(3x), asarray(5x), _compute_best_split_and_push(3x), zeros(4x), _finalize_leaf(10x)",D:\scoala\RESEARCH_CODE_SMELLS\Dataset Projects\scikit-learn\sklearn\ensemble\_hist_gradient_boosting\grower.py,_hist_gradient_boosting.grower,,medium,,25.0,,,,,,easy
Architectural,Potential Improper API Usage,"Module 'externals._arff' has repetitive API calls: compile(8x), group(6x), match(3x), sub(3x), __init__(5x), split(4x), strip(8x), join(9x), get(5x), replace(3x), items(3x), extend(3x), append(5x), startswith(6x)",D:\scoala\RESEARCH_CODE_SMELLS\Dataset Projects\scikit-learn\sklearn\externals\_arff.py,externals._arff,,medium,,71.0,,,,,,medium
Architectural,Potential Improper API Usage,Module 'common._fft' has repetitive API calls: astype(12x),D:\scoala\RESEARCH_CODE_SMELLS\Dataset Projects\scikit-learn\sklearn\externals\array_api_compat\common\_fft.py,common._fft,,medium,,12.0,,,,,,easy
Architectural,Potential Improper API Usage,"Module 'common._helpers' has repetitive API calls: get(3x), add(12x)",D:\scoala\RESEARCH_CODE_SMELLS\Dataset Projects\scikit-learn\sklearn\externals\array_api_compat\common\_helpers.py,common._helpers,,medium,,15.0,,,,,,easy
Architectural,Potential Improper API Usage,"Module 'array_api_extra._delegation' has repetitive API calls: isclose(3x), pad(3x)",D:\scoala\RESEARCH_CODE_SMELLS\Dataset Projects\scikit-learn\sklearn\externals\array_api_extra\_delegation.py,array_api_extra._delegation,,medium,,6.0,,,,,,easy
Architectural,Potential Improper API Usage,"Module '_lib._at' has repetitive API calls: _op(8x), asarray(4x)",D:\scoala\RESEARCH_CODE_SMELLS\Dataset Projects\scikit-learn\sklearn\externals\array_api_extra\_lib\_at.py,_lib._at,,medium,,12.0,,,,,,easy
Architectural,Potential Improper API Usage,"Module '_lib._funcs' has repetitive API calls: set(4x), asarray(3x), astype(5x), isdtype(7x), reshape(4x), where(3x), result_type(3x), append(3x), abs(6x), device(4x), isinf(4x)",D:\scoala\RESEARCH_CODE_SMELLS\Dataset Projects\scikit-learn\sklearn\externals\array_api_extra\_lib\_funcs.py,_lib._funcs,,medium,,46.0,,,,,,medium
Architectural,Potential Improper API Usage,"Module '_utils._helpers' has repetitive API calls: device(3x), take(3x), mean(3x), asarray(8x)",D:\scoala\RESEARCH_CODE_SMELLS\Dataset Projects\scikit-learn\sklearn\externals\array_api_extra\_lib\_utils\_helpers.py,_utils._helpers,,medium,,17.0,,,,,,easy
Architectural,Potential Improper API Usage,"Module '_packaging.version' has repetitive API calls: compile(3x), split(4x), lower(3x), append(9x), join(6x), group(11x)",D:\scoala\RESEARCH_CODE_SMELLS\Dataset Projects\scikit-learn\sklearn\externals\_packaging\version.py,_packaging.version,,medium,,36.0,,,,,,easy
Architectural,Potential Improper API Usage,"Module 'csgraph._laplacian' has repetitive API calls: ravel(3x), diagonal(3x), sum(6x), astype(13x), where(4x), tocoo(3x), asarray(5x), sqrt(4x)",D:\scoala\RESEARCH_CODE_SMELLS\Dataset Projects\scikit-learn\sklearn\externals\_scipy\sparse\csgraph\_laplacian.py,csgraph._laplacian,,medium,,41.0,,,,,,medium
Architectural,Potential Improper API Usage,"Module 'feature_extraction.image' has repetitive API calls: reshape(5x), vstack(3x), hstack(6x), arange(4x), ravel(9x), array(3x)",D:\scoala\RESEARCH_CODE_SMELLS\Dataset Projects\scikit-learn\sklearn\feature_extraction\image.py,feature_extraction.image,,medium,,30.0,,,,,,easy
Architectural,Potential Improper API Usage,"Module 'feature_extraction.text' has repetitive API calls: sub(3x), compile(3x), array(3x), _warn_for_unused_params(3x), _validate_ngram_range(3x), fit(4x), transform(5x), __sklearn_tags__(4x), issparse(4x), asarray(4x), csr_matrix(3x), fit_transform(3x), _validate_vocabulary(3x), _check_vocabulary(3x), warn(9x), fill(3x), items(3x), ravel(3x), values(3x)",D:\scoala\RESEARCH_CODE_SMELLS\Dataset Projects\scikit-learn\sklearn\feature_extraction\text.py,feature_extraction.text,,medium,,69.0,,,,,,medium
Architectural,Potential Improper API Usage,"Module 'feature_selection._mutual_info' has repetitive API calls: reshape(3x), query_radius(3x), empty(4x), sum(3x), array(4x), mean(7x)",D:\scoala\RESEARCH_CODE_SMELLS\Dataset Projects\scikit-learn\sklearn\feature_selection\_mutual_info.py,feature_selection._mutual_info,,medium,,24.0,,,,,,easy
Architectural,Potential Improper API Usage,"Module 'feature_selection._rfe' has repetitive API calls: fit(4x), sum(5x), add(11x), _get_scorer(3x), array(4x), append(8x), transform(5x)",D:\scoala\RESEARCH_CODE_SMELLS\Dataset Projects\scikit-learn\sklearn\feature_selection\_rfe.py,feature_selection._rfe,,medium,,40.0,,,,,,easy
Architectural,Potential Improper API Usage,Module 'feature_selection._sequential' has repetitive API calls: add(6x),D:\scoala\RESEARCH_CODE_SMELLS\Dataset Projects\scikit-learn\sklearn\feature_selection\_sequential.py,feature_selection._sequential,,medium,,6.0,,,,,,easy
Architectural,Potential Improper API Usage,"Module 'feature_selection._univariate_selection' has repetitive API calls: sum(6x), asarray(5x), isnan(3x), errstate(3x), mean(3x), __sklearn_tags__(4x), __init__(6x), zeros(3x)",D:\scoala\RESEARCH_CODE_SMELLS\Dataset Projects\scikit-learn\sklearn\feature_selection\_univariate_selection.py,feature_selection._univariate_selection,,medium,,33.0,,,,,,easy
Architectural,Potential Improper API Usage,"Module 'gaussian_process.kernels' has repetitive API calls: zeros(3x), get_params(8x), items(4x), format(14x), vstack(4x), all(3x), append(8x), is_stationary(4x), full(4x), atleast_2d(8x), ravel(3x), log(3x), array(6x), join(3x), dstack(6x), update(3x), k1(4x), k2(4x), diag(6x), sqrt(7x), exp(13x), fill_diagonal(3x), empty(11x), sum(4x)",D:\scoala\RESEARCH_CODE_SMELLS\Dataset Projects\scikit-learn\sklearn\gaussian_process\kernels.py,gaussian_process.kernels,,medium,,136.0,,,,,,hard
Architectural,Potential Improper API Usage,"Module 'gaussian_process._gpc' has repetitive API calls: kernel_(3x), dot(12x), log_marginal_likelihood(8x), sum(4x), diag(4x), sqrt(4x), mean(3x)",D:\scoala\RESEARCH_CODE_SMELLS\Dataset Projects\scikit-learn\sklearn\gaussian_process\_gpc.py,gaussian_process._gpc,,medium,,38.0,,,,,,easy
Architectural,Potential Improper API Usage,"Module 'impute._base' has repetitive API calls: issparse(6x), __sklearn_tags__(3x), _validate_input(4x), empty(4x), astype(4x), logical_not(3x), _fit(3x), format(5x), sum(5x), arange(3x), warn(3x), transpose(3x)",D:\scoala\RESEARCH_CODE_SMELLS\Dataset Projects\scikit-learn\sklearn\impute\_base.py,impute._base,,medium,,46.0,,,,,,medium
Architectural,Potential Improper API Usage,"Module 'inspection._partial_dependence' has repetitive API calls: reshape(6x), asarray(3x), append(3x), format(3x)",D:\scoala\RESEARCH_CODE_SMELLS\Dataset Projects\scikit-learn\sklearn\inspection\_partial_dependence.py,inspection._partial_dependence,,medium,,15.0,,,,,,easy
Architectural,Potential Improper API Usage,"Module '_plot.partial_dependence' has repetitive API calls: plot(3x), unravel_index(9x), empty_like(7x), append(3x), asarray(3x), get(3x), empty(7x), ravel(5x), size(4x), format(5x), arange(3x)",D:\scoala\RESEARCH_CODE_SMELLS\Dataset Projects\scikit-learn\sklearn\inspection\_plot\partial_dependence.py,_plot.partial_dependence,,medium,,52.0,,,,,,medium
Architectural,Potential Improper API Usage,"Module 'linear_model._base' has repetitive API calls: issparse(10x), dot(11x), astype(4x), zeros(3x), empty(3x), vstack(3x)",D:\scoala\RESEARCH_CODE_SMELLS\Dataset Projects\scikit-learn\sklearn\linear_model\_base.py,linear_model._base,,medium,,34.0,,,,,,easy
Architectural,Potential Improper API Usage,"Module 'linear_model._bayes' has repetitive API calls: asarray(3x), dot(10x), sum(16x), append(3x), array(3x), multi_dot(3x), reshape(3x), log(4x)",D:\scoala\RESEARCH_CODE_SMELLS\Dataset Projects\scikit-learn\sklearn\linear_model\_bayes.py,linear_model._bayes,,medium,,45.0,,,,,,medium
Architectural,Potential Improper API Usage,"Module 'linear_model._coordinate_descent' has repetitive API calls: issparse(10x), pop(17x), empty(3x), mean(3x), sum(5x), zeros(5x), __sklearn_tags__(5x), __init__(3x), get_params(3x), fit(6x), asarray(5x), warn(3x)",D:\scoala\RESEARCH_CODE_SMELLS\Dataset Projects\scikit-learn\sklearn\linear_model\_coordinate_descent.py,linear_model._coordinate_descent,,medium,,68.0,,,,,,medium
Architectural,Potential Improper API Usage,"Module 'linear_model._huber' has repetitive API calls: sum(5x), zeros(4x)",D:\scoala\RESEARCH_CODE_SMELLS\Dataset Projects\scikit-learn\sklearn\linear_model\_huber.py,linear_model._huber,,medium,,9.0,,,,,,easy
Architectural,Potential Improper API Usage,"Module 'linear_model._least_angle' has repetitive API calls: empty(5x), pop(4x), finfo(13x), dot(13x), copy(7x), zeros(5x), min_pos(3x), mean(4x), sum(5x), append(8x), warn(3x), isfinite(3x), sqrt(3x), abs(3x), item(3x)",D:\scoala\RESEARCH_CODE_SMELLS\Dataset Projects\scikit-learn\sklearn\linear_model\_least_angle.py,linear_model._least_angle,,medium,,82.0,,,,,,medium
Architectural,Potential Improper API Usage,"Module 'linear_model._linear_loss' has repetitive API calls: issparse(3x), weight_intercept(5x), weight_intercept_raw(5x), sum(20x), empty_like(5x), empty(5x), reshape(5x), ravel(5x)",D:\scoala\RESEARCH_CODE_SMELLS\Dataset Projects\scikit-learn\sklearn\linear_model\_linear_loss.py,linear_model._linear_loss,,medium,,53.0,,,,,,medium
Architectural,Potential Improper API Usage,"Module 'linear_model._logistic' has repetitive API calls: unique(3x), zeros(5x), array(7x), transform(3x), reshape(10x), asarray(5x), add(5x), fit_transform(4x), ravel(3x), append(10x), warn(12x), tile(3x), items(3x), transpose(3x), format(3x), mean(6x)",D:\scoala\RESEARCH_CODE_SMELLS\Dataset Projects\scikit-learn\sklearn\linear_model\_logistic.py,linear_model._logistic,,medium,,85.0,,,,,,medium
Architectural,Potential Improper API Usage,"Module 'linear_model._omp' has repetitive API calls: dot(8x), empty(4x), copy(8x), asfortranarray(3x), zeros(4x), squeeze(4x), mean(4x), warn(4x)",D:\scoala\RESEARCH_CODE_SMELLS\Dataset Projects\scikit-learn\sklearn\linear_model\_omp.py,linear_model._omp,,medium,,39.0,,,,,,easy
Architectural,Potential Improper API Usage,"Module 'linear_model._ridge' has repetitive API calls: LinearOperator(3x), empty(14x), atleast_1d(4x), zeros(8x), issparse(11x), asarray(6x), ones(4x), outer(4x), warn(5x), __init__(5x), fit(6x), __sklearn_tags__(5x), dot(34x), ravel(8x), add(4x), rmatvec(4x), solve(4x)",D:\scoala\RESEARCH_CODE_SMELLS\Dataset Projects\scikit-learn\sklearn\linear_model\_ridge.py,linear_model._ridge,,medium,,129.0,,,,,,medium
Architectural,Potential Improper API Usage,"Module 'linear_model._sag' has repetitive API calls: keys(6x), zeros(6x)",D:\scoala\RESEARCH_CODE_SMELLS\Dataset Projects\scikit-learn\sklearn\linear_model\_sag.py,linear_model._sag,,medium,,12.0,,,,,,easy
Architectural,Potential Improper API Usage,"Module 'linear_model._stochastic_gradient' has repetitive API calls: ones(3x), _get_penalty_type(4x), _get_learning_rate_type(4x), _make_validation_score_cb(3x), randint(4x), reshape(7x), atleast_1d(14x), zeros(13x), _make_validation_split(4x), __init__(5x), _get_loss_function(3x), _partial_fit(6x), _more_validate_params(6x), _fit(3x), __sklearn_tags__(3x), ravel(6x), _allocate_parameter_mem(3x), warn(3x), decision_function(3x), asarray(4x)",D:\scoala\RESEARCH_CODE_SMELLS\Dataset Projects\scikit-learn\sklearn\linear_model\_stochastic_gradient.py,linear_model._stochastic_gradient,,medium,,101.0,,,,,,medium
Architectural,Potential Improper API Usage,"Module 'linear_model._theil_sen' has repetitive API calls: sum(6x), format(8x)",D:\scoala\RESEARCH_CODE_SMELLS\Dataset Projects\scikit-learn\sklearn\linear_model\_theil_sen.py,linear_model._theil_sen,,medium,,14.0,,,,,,easy
Architectural,Potential Improper API Usage,"Module 'manifold._locally_linear' has repetitive API calls: empty(3x), ones(4x), fit(3x), dot(12x), kneighbors(5x), sum(10x), meshgrid(3x), zeros(5x)",D:\scoala\RESEARCH_CODE_SMELLS\Dataset Projects\scikit-learn\sklearn\manifold\_locally_linear.py,manifold._locally_linear,,medium,,45.0,,,,,,medium
Architectural,Potential Improper API Usage,"Module 'manifold._mds' has repetitive API calls: ravel(6x), sum(5x), warn(4x)",D:\scoala\RESEARCH_CODE_SMELLS\Dataset Projects\scikit-learn\sklearn\manifold\_mds.py,manifold._mds,,medium,,15.0,,,,,,easy
Architectural,Potential Improper API Usage,"Module 'manifold._t_sne' has repetitive API calls: finfo(3x), astype(8x), maximum(6x), reshape(4x), all(5x), ravel(6x), sum(4x), format(4x)",D:\scoala\RESEARCH_CODE_SMELLS\Dataset Projects\scikit-learn\sklearn\manifold\_t_sne.py,manifold._t_sne,,medium,,40.0,,,,,,easy
Architectural,Potential Improper API Usage,"Module 'metrics.pairwise' has repetitive API calls: asarray(5x), dot(3x), empty(3x), exp(3x), reshape(4x), astype(3x), flatten(3x), concatenate(3x), zeros(4x), sum(3x), get(3x), union(3x)",D:\scoala\RESEARCH_CODE_SMELLS\Dataset Projects\scikit-learn\sklearn\metrics\pairwise.py,metrics.pairwise,,medium,,40.0,,,,,,easy
Architectural,Potential Improper API Usage,"Module 'metrics._base' has repetitive API calls: average(3x), ravel(4x), reshape(3x), sum(3x)",D:\scoala\RESEARCH_CODE_SMELLS\Dataset Projects\scikit-learn\sklearn\metrics\_base.py,metrics._base,,medium,,13.0,,,,,,easy
Architectural,Potential Improper API Usage,"Module 'metrics._classification' has repetitive API calls: startswith(5x), transform(6x), sum(24x), reshape(5x), fit(5x), asarray(13x), format(17x), warn(12x), any(4x), unique(5x), array(3x), max(9x), min(8x), all(4x), take(3x), zeros(3x), arange(3x), dot(3x), isnan(4x), get(4x), astype(3x)",D:\scoala\RESEARCH_CODE_SMELLS\Dataset Projects\scikit-learn\sklearn\metrics\_classification.py,metrics._classification,,medium,,143.0,,,,,,hard
Architectural,Potential Improper API Usage,"Module 'metrics._ranking' has repetitive API calls: diff(10x), concatenate(5x), searchsorted(4x), sum(6x), unique(6x), warn(5x), argsort(3x), where(4x), average(5x), dot(3x), logical_or(4x), cumsum(3x), min(3x), format(10x)",D:\scoala\RESEARCH_CODE_SMELLS\Dataset Projects\scikit-learn\sklearn\metrics\_ranking.py,metrics._ranking,,medium,,71.0,,,,,,medium
Architectural,Potential Improper API Usage,"Module 'metrics._regression' has repetitive API calls: abs(6x), any(10x), log1p(4x), warn(3x), pow(6x)",D:\scoala\RESEARCH_CODE_SMELLS\Dataset Projects\scikit-learn\sklearn\metrics\_regression.py,metrics._regression,,medium,,29.0,,,,,,easy
Architectural,Potential Improper API Usage,"Module 'metrics._scorer' has repetitive API calls: items(7x), deepcopy(4x), warn(3x), keys(3x), array(3x), startswith(3x), values(3x)",D:\scoala\RESEARCH_CODE_SMELLS\Dataset Projects\scikit-learn\sklearn\metrics\_scorer.py,metrics._scorer,,medium,,26.0,,,,,,easy
Architectural,Potential Improper API Usage,"Module 'cluster._supervised' has repetitive API calls: unique(6x), ravel(6x), sum(19x), log(3x), astype(5x), dot(3x), sqrt(3x), finfo(5x)",D:\scoala\RESEARCH_CODE_SMELLS\Dataset Projects\scikit-learn\sklearn\metrics\cluster\_supervised.py,cluster._supervised,,medium,,50.0,,,,,,medium
Architectural,Potential Improper API Usage,"Module '_pairwise_distances_reduction._dispatcher' has repetitive API calls: compute(8x), valid_metrics(3x), array(8x)",D:\scoala\RESEARCH_CODE_SMELLS\Dataset Projects\scikit-learn\sklearn\metrics\_pairwise_distances_reduction\_dispatcher.py,_pairwise_distances_reduction._dispatcher,,medium,,19.0,,,,,,easy
Architectural,Potential Improper API Usage,"Module 'mixture._bayesian_mixture' has repetitive API calls: sum(13x), mean(3x), dot(3x), hstack(3x), log(5x)",D:\scoala\RESEARCH_CODE_SMELLS\Dataset Projects\scikit-learn\sklearn\mixture\_bayesian_mixture.py,mixture._bayesian_mixture,,medium,,27.0,,,,,,easy
Architectural,Potential Improper API Usage,"Module 'mixture._gaussian_mixture' has repetitive API calls: empty(4x), dot(14x), sum(12x), log(7x), cholesky(4x)",D:\scoala\RESEARCH_CODE_SMELLS\Dataset Projects\scikit-learn\sklearn\mixture\_gaussian_mixture.py,mixture._gaussian_mixture,,medium,,41.0,,,,,,medium
Architectural,Potential Improper API Usage,"Module 'model_selection._plot' has repetitive API calls: plot(3x), items(3x), append(3x), mean(4x), std(3x)",D:\scoala\RESEARCH_CODE_SMELLS\Dataset Projects\scikit-learn\sklearn\model_selection\_plot.py,model_selection._plot,,medium,,16.0,,,,,,easy
Architectural,Potential Improper API Usage,"Module 'model_selection._search' has repetitive API calls: items(10x), _get_scorers(3x), add(7x), values(3x), _accept_sample_weight(3x), warn(4x), extend(3x), format(4x)",D:\scoala\RESEARCH_CODE_SMELLS\Dataset Projects\scikit-learn\sklearn\model_selection\_search.py,model_selection._search,,medium,,37.0,,,,,,easy
Architectural,Potential Improper API Usage,"Module 'model_selection._split' has repetitive API calls: join(3x), split(13x), arange(7x), __init__(10x), unique(12x), bincount(4x), min(3x), asarray(5x), zeros(7x), argsort(3x), array(4x), append(3x), warn(7x), shuffle(3x), permutation(5x), format(13x), isin(3x), where(3x)",D:\scoala\RESEARCH_CODE_SMELLS\Dataset Projects\scikit-learn\sklearn\model_selection\_split.py,model_selection._split,,medium,,108.0,,,,,,medium
Architectural,Potential Improper API Usage,"Module 'model_selection._validation' has repetitive API calls: split(6x), time(8x), concatenate(3x), asarray(6x), unique(3x), add(29x), items(3x), fit(5x), warn(6x), append(8x), permutation(3x), reshape(6x), copy(3x), format(3x), replace(5x)",D:\scoala\RESEARCH_CODE_SMELLS\Dataset Projects\scikit-learn\sklearn\model_selection\_validation.py,model_selection._validation,,medium,,97.0,,,,,,medium
Architectural,Potential Improper API Usage,"Module 'neighbors._base' has repetitive API calls: warn(5x), max(3x), reshape(6x), argsort(4x), ravel(4x), get(3x), __sklearn_tags__(3x), arange(5x), concatenate(4x), copy(3x), vstack(3x), from_iterable(3x), hstack(3x)",D:\scoala\RESEARCH_CODE_SMELLS\Dataset Projects\scikit-learn\sklearn\neighbors\_base.py,neighbors._base,,medium,,49.0,,,,,,medium
Architectural,Potential Improper API Usage,"Module 'neighbors._classification' has repetitive API calls: zeros(5x), flatnonzero(4x), kneighbors(4x), reshape(4x), ravel(3x), append(4x), argmax(4x), is_usable_for(3x), bincount(3x), format(4x)",D:\scoala\RESEARCH_CODE_SMELLS\Dataset Projects\scikit-learn\sklearn\neighbors\_classification.py,neighbors._classification,,medium,,38.0,,,,,,easy
Architectural,Potential Improper API Usage,"Module 'neighbors._nca' has repetitive API calls: time(6x), dot(4x), sum(3x), flush(3x), format(7x)",D:\scoala\RESEARCH_CODE_SMELLS\Dataset Projects\scikit-learn\sklearn\neighbors\_nca.py,neighbors._nca,,medium,,23.0,,,,,,easy
Architectural,Potential Improper API Usage,"Module 'neural_network._multilayer_perceptron' has repetitive API calls: astype(3x), any(3x), _fit(3x), _predict(3x), _forward_pass_fast(3x), ravel(5x), reshape(3x), append(6x), copy(4x), fit(3x), warn(3x)",D:\scoala\RESEARCH_CODE_SMELLS\Dataset Projects\scikit-learn\sklearn\neural_network\_multilayer_perceptron.py,neural_network._multilayer_perceptron,,medium,,39.0,,,,,,easy
Architectural,Potential Improper API Usage,"Module 'neural_network._rbm' has repetitive API calls: _mean_hiddens(4x), asarray(3x), zeros(6x), uniform(3x), sum(5x)",D:\scoala\RESEARCH_CODE_SMELLS\Dataset Projects\scikit-learn\sklearn\neural_network\_rbm.py,neural_network._rbm,,medium,,21.0,,,,,,easy
Architectural,Potential Improper API Usage,"Module 'preprocessing._data' has repetitive API calls: issparse(18x), fit_transform(10x), finfo(3x), asarray(6x), _reset(3x), partial_fit(3x), __sklearn_tags__(9x), reshape(3x), ravel(3x), nanpercentile(3x), _check_inputs(3x), _check_input(3x), isnan(5x), nanmean(3x), maximum(4x), zeros(7x), supported_float_dtypes(9x), sum(7x), astype(5x), concatenate(6x), warn(4x), errstate(7x), interp(3x), spacing(6x), log1p(3x), abs(6x), append(3x), format(3x), full(3x), power(4x), ppf(5x)",D:\scoala\RESEARCH_CODE_SMELLS\Dataset Projects\scikit-learn\sklearn\preprocessing\_data.py,preprocessing._data,,medium,,160.0,,,,,,hard
Architectural,Potential Improper API Usage,"Module 'preprocessing._encoders' has repetitive API calls: zeros(3x), flatnonzero(3x), empty(4x), sum(5x), array(5x), astype(6x), items(4x), append(14x), asarray(5x), flatten(3x), format(7x), any(3x)",D:\scoala\RESEARCH_CODE_SMELLS\Dataset Projects\scikit-learn\sklearn\preprocessing\_encoders.py,preprocessing._encoders,,medium,,62.0,,,,,,medium
Architectural,Potential Improper API Usage,"Module 'preprocessing._label' has repetitive API calls: asarray(7x), issparse(7x), setdiff1d(4x), take(3x), __sklearn_tags__(3x), searchsorted(3x), csr_matrix(5x), toarray(6x), tocsr(3x), arange(3x), append(3x), array(5x), format(8x)",D:\scoala\RESEARCH_CODE_SMELLS\Dataset Projects\scikit-learn\sklearn\preprocessing\_label.py,preprocessing._label,,medium,,60.0,,,,,,medium
Architectural,Potential Improper API Usage,"Module 'preprocessing._polynomial' has repetitive API calls: empty(5x), csr_matrix(4x), iinfo(5x), append(11x), issparse(3x), linspace(4x), hstack(3x), tocsr(3x), tocsc(3x), any(7x), tolil(6x)",D:\scoala\RESEARCH_CODE_SMELLS\Dataset Projects\scikit-learn\sklearn\preprocessing\_polynomial.py,preprocessing._polynomial,,medium,,54.0,,,,,,medium
Architectural,Potential Improper API Usage,"Module 'svm._base' has repetitive API calls: get(3x), set_verbosity_wrap(6x), issparse(8x), asarray(8x), index(12x), _validate_for_predict(3x), _compute_kernel(4x), empty(6x), csr_matrix(3x)",D:\scoala\RESEARCH_CODE_SMELLS\Dataset Projects\scikit-learn\sklearn\svm\_base.py,svm._base,,medium,,53.0,,,,,,medium
Architectural,Potential Improper API Usage,"Module 'tree._classes' has repetitive API calls: _validate_X_predict(4x), __sklearn_tags__(6x), __init__(4x), asarray(4x), zeros(3x), sum(3x), array(3x), append(3x)",D:\scoala\RESEARCH_CODE_SMELLS\Dataset Projects\scikit-learn\sklearn\tree\_classes.py,tree._classes,,medium,,30.0,,,,,,easy
Architectural,Potential Improper API Usage,"Module 'tree._export' has repetitive API calls: astype(3x), append(6x), replace(7x), write(22x), _make_tree(3x), recurse(6x), format(8x), argmax(4x), around(3x), get_window_extent(3x), annotate(4x), join(4x)",D:\scoala\RESEARCH_CODE_SMELLS\Dataset Projects\scikit-learn\sklearn\tree\_export.py,tree._export,,medium,,73.0,,,,,,medium
Architectural,Potential Improper API Usage,"Module 'tree._reingold_tilford' has repetitive API calls: lbrother(3x), right(6x), left(6x)",D:\scoala\RESEARCH_CODE_SMELLS\Dataset Projects\scikit-learn\sklearn\tree\_reingold_tilford.py,tree._reingold_tilford,,medium,,15.0,,,,,,easy
Architectural,Potential Improper API Usage,"Module 'utils.discovery' has repetitive API calls: startswith(5x), walk_packages(3x), split(3x), getmembers(3x), extend(4x)",D:\scoala\RESEARCH_CODE_SMELLS\Dataset Projects\scikit-learn\sklearn\utils\discovery.py,utils.discovery,,medium,,18.0,,,,,,easy
Architectural,Potential Improper API Usage,"Module 'utils.extmath' has repetitive API calls: ravel(4x), issparse(8x), asarray(10x), zeros(3x), reshape(9x), argmax(3x), sign(4x), sum(8x), warn(4x), where(5x), abs(3x), take(3x)",D:\scoala\RESEARCH_CODE_SMELLS\Dataset Projects\scikit-learn\sklearn\utils\extmath.py,utils.extmath,,medium,,64.0,,,,,,medium
Architectural,Potential Improper API Usage,"Module 'utils.optimize' has repetitive API calls: dot(3x), abs(7x), sum(4x), warn(3x)",D:\scoala\RESEARCH_CODE_SMELLS\Dataset Projects\scikit-learn\sklearn\utils\optimize.py,utils.optimize,,medium,,17.0,,,,,,easy
Architectural,Potential Improper API Usage,"Module 'utils.sparsefuncs' has repetitive API calls: issparse(14x), diff(4x), size(8x)",D:\scoala\RESEARCH_CODE_SMELLS\Dataset Projects\scikit-learn\sklearn\utils\sparsefuncs.py,utils.sparsefuncs,,medium,,26.0,,,,,,easy
Architectural,Potential Improper API Usage,"Module 'utils.validation' has repetitive API calls: asarray(9x), issparse(16x), max(3x), any(6x), isdtype(3x), tocsr(5x), astype(5x), dtype(3x), format(9x), all(3x), allclose(3x), min(3x), warn(10x), join(4x), reshape(3x), copy(5x), array_equal(8x), append(3x)",D:\scoala\RESEARCH_CODE_SMELLS\Dataset Projects\scikit-learn\sklearn\utils\validation.py,utils.validation,,medium,,101.0,,,,,,medium
Architectural,Potential Improper API Usage,"Module 'utils._array_api' has repetitive API calls: unique_values(4x), asarray(37x), reshape(7x), isdtype(3x), astype(4x), sum(5x), any(3x), where(7x), concat(3x), take(3x), isnan(3x), Device(6x)",D:\scoala\RESEARCH_CODE_SMELLS\Dataset Projects\scikit-learn\sklearn\utils\_array_api.py,utils._array_api,,medium,,85.0,,,,,,medium
Architectural,Potential Improper API Usage,"Module 'utils._indexing' has repetitive API calls: isscalar(6x), tolist(4x), take(3x), asarray(5x), array(3x), index(5x), get_loc(3x)",D:\scoala\RESEARCH_CODE_SMELLS\Dataset Projects\scikit-learn\sklearn\utils\_indexing.py,utils._indexing,,medium,,29.0,,,,,,easy
Architectural,Potential Improper API Usage,"Module 'utils._metadata_requests' has repetitive API calls: keys(9x), _check_warnings(3x), items(17x), _get_param_names(6x), _route_params(3x), update(3x), _get_metadata_request(3x), join(4x), _serialize(8x), add_request(3x), add(3x)",D:\scoala\RESEARCH_CODE_SMELLS\Dataset Projects\scikit-learn\sklearn\utils\_metadata_requests.py,utils._metadata_requests,,medium,,62.0,,,,,,medium
Architectural,Potential Improper API Usage,"Module 'utils._param_validation' has repetitive API calls: __init__(10x), array(3x), is_satisfied_by(6x), isnan(3x), join(9x)",D:\scoala\RESEARCH_CODE_SMELLS\Dataset Projects\scikit-learn\sklearn\utils\_param_validation.py,utils._param_validation,,medium,,31.0,,,,,,easy
Architectural,Potential Improper API Usage,"Module 'utils._pprint' has repetitive API calls: get_params(3x), write(4x), _repr(4x), _format(3x), items(5x), strip(3x), _recursion(3x), join(3x)",D:\scoala\RESEARCH_CODE_SMELLS\Dataset Projects\scikit-learn\sklearn\utils\_pprint.py,utils._pprint,,medium,,28.0,,,,,,easy
Architectural,Potential Improper API Usage,"Module '_repr_html.estimator' has repetitive API calls: write(11x), escape(5x)",D:\scoala\RESEARCH_CODE_SMELLS\Dataset Projects\scikit-learn\sklearn\utils\_repr_html\estimator.py,_repr_html.estimator,,medium,,16.0,,,,,,easy
Architectural,Potential Improper API Usage,"Module '_loss.loss' has repetitive API calls: includes(3x), average(4x), empty(4x), __init__(11x), inverse(3x), empty_like(14x), squeeze(10x), link(3x), constant_to_optimal_zero(3x)",D:\scoala\RESEARCH_CODE_SMELLS\Dataset Projects\scikit-learn\sklearn\_loss\loss.py,_loss.loss,,medium,,55.0,,,,,,medium
Architectural,Orphan Module,'doc.api_reference' is isolated from other modules,D:\scoala\RESEARCH_CODE_SMELLS\Dataset Projects\scikit-learn\doc\api_reference.py,doc.api_reference,,medium,,,,,,,,medium
Architectural,Orphan Module,'sklearn._distributor_init' is isolated from other modules,D:\scoala\RESEARCH_CODE_SMELLS\Dataset Projects\scikit-learn\sklearn\_distributor_init.py,sklearn._distributor_init,,medium,,,,,,,,medium
Architectural,Cyclic Dependency,"Strong cyclic dependency detected: _lib._funcs -> _lib._at -> _lib._funcs
Cycle strength: 2 mutual dependencies",D:\scoala\RESEARCH_CODE_SMELLS\Dataset Projects\scikit-learn\sklearn\externals\array_api_extra\_lib\_funcs.py,_lib._funcs,,medium,,,,,,,2.0,easy
Architectural,Cyclic Dependency,"Strong cyclic dependency detected: metrics.pairwise -> gaussian_process.kernels -> metrics.pairwise
Cycle strength: 2 mutual dependencies",D:\scoala\RESEARCH_CODE_SMELLS\Dataset Projects\scikit-learn\sklearn\metrics\pairwise.py,metrics.pairwise,,medium,,,,,,,2.0,easy
Architectural,Unstable Dependency,Module 'benchmarks.model_selection' has high instability (1.00) with 5 outgoing and 0 incoming dependencies,D:\scoala\RESEARCH_CODE_SMELLS\Dataset Projects\scikit-learn\asv_benchmarks\benchmarks\model_selection.py,benchmarks.model_selection,,medium,,,5.0,0.0,,,,easy
Architectural,Unstable Dependency,Module 'benchmarks.bench_20newsgroups' has high instability (1.00) with 10 outgoing and 0 incoming dependencies,D:\scoala\RESEARCH_CODE_SMELLS\Dataset Projects\scikit-learn\benchmarks\bench_20newsgroups.py,benchmarks.bench_20newsgroups,,medium,,,10.0,0.0,,,,medium
Architectural,Unstable Dependency,Module 'benchmarks.bench_covertype' has high instability (1.00) with 13 outgoing and 0 incoming dependencies,D:\scoala\RESEARCH_CODE_SMELLS\Dataset Projects\scikit-learn\benchmarks\bench_covertype.py,benchmarks.bench_covertype,,medium,,,13.0,0.0,,,,medium
Architectural,Unstable Dependency,Module 'benchmarks.bench_feature_expansions' has high instability (1.00) with 5 outgoing and 0 incoming dependencies,D:\scoala\RESEARCH_CODE_SMELLS\Dataset Projects\scikit-learn\benchmarks\bench_feature_expansions.py,benchmarks.bench_feature_expansions,,medium,,,5.0,0.0,,,,easy
Architectural,Unstable Dependency,Module 'benchmarks.bench_glmnet' has high instability (1.00) with 7 outgoing and 0 incoming dependencies,D:\scoala\RESEARCH_CODE_SMELLS\Dataset Projects\scikit-learn\benchmarks\bench_glmnet.py,benchmarks.bench_glmnet,,medium,,,7.0,0.0,,,,easy
Architectural,Unstable Dependency,Module 'benchmarks.bench_hist_gradient_boosting' has high instability (1.00) with 8 outgoing and 0 incoming dependencies,D:\scoala\RESEARCH_CODE_SMELLS\Dataset Projects\scikit-learn\benchmarks\bench_hist_gradient_boosting.py,benchmarks.bench_hist_gradient_boosting,,medium,,,8.0,0.0,,,,easy
Architectural,Unstable Dependency,Module 'benchmarks.bench_hist_gradient_boosting_adult' has high instability (1.00) with 11 outgoing and 0 incoming dependencies,D:\scoala\RESEARCH_CODE_SMELLS\Dataset Projects\scikit-learn\benchmarks\bench_hist_gradient_boosting_adult.py,benchmarks.bench_hist_gradient_boosting_adult,,medium,,,11.0,0.0,,,,medium
Architectural,Unstable Dependency,Module 'benchmarks.bench_hist_gradient_boosting_categorical_only' has high instability (1.00) with 6 outgoing and 0 incoming dependencies,D:\scoala\RESEARCH_CODE_SMELLS\Dataset Projects\scikit-learn\benchmarks\bench_hist_gradient_boosting_categorical_only.py,benchmarks.bench_hist_gradient_boosting_categorical_only,,medium,,,6.0,0.0,,,,easy
Architectural,Unstable Dependency,Module 'benchmarks.bench_hist_gradient_boosting_higgsboson' has high instability (1.00) with 12 outgoing and 0 incoming dependencies,D:\scoala\RESEARCH_CODE_SMELLS\Dataset Projects\scikit-learn\benchmarks\bench_hist_gradient_boosting_higgsboson.py,benchmarks.bench_hist_gradient_boosting_higgsboson,,medium,,,12.0,0.0,,,,medium
Architectural,Unstable Dependency,Module 'benchmarks.bench_hist_gradient_boosting_threading' has high instability (1.00) with 16 outgoing and 0 incoming dependencies,D:\scoala\RESEARCH_CODE_SMELLS\Dataset Projects\scikit-learn\benchmarks\bench_hist_gradient_boosting_threading.py,benchmarks.bench_hist_gradient_boosting_threading,,medium,,,16.0,0.0,,,,medium
Architectural,Unstable Dependency,Module 'benchmarks.bench_isolation_forest' has high instability (1.00) with 8 outgoing and 0 incoming dependencies,D:\scoala\RESEARCH_CODE_SMELLS\Dataset Projects\scikit-learn\benchmarks\bench_isolation_forest.py,benchmarks.bench_isolation_forest,,medium,,,8.0,0.0,,,,easy
Architectural,Unstable Dependency,Module 'benchmarks.bench_isolation_forest_predict' has high instability (1.00) with 10 outgoing and 0 incoming dependencies,D:\scoala\RESEARCH_CODE_SMELLS\Dataset Projects\scikit-learn\benchmarks\bench_isolation_forest_predict.py,benchmarks.bench_isolation_forest_predict,,medium,,,10.0,0.0,,,,medium
Architectural,Unstable Dependency,Module 'benchmarks.bench_isotonic' has high instability (1.00) with 7 outgoing and 0 incoming dependencies,D:\scoala\RESEARCH_CODE_SMELLS\Dataset Projects\scikit-learn\benchmarks\bench_isotonic.py,benchmarks.bench_isotonic,,medium,,,7.0,0.0,,,,easy
Architectural,Unstable Dependency,Module 'benchmarks.bench_kernel_pca_solvers_time_vs_n_components' has high instability (1.00) with 6 outgoing and 0 incoming dependencies,D:\scoala\RESEARCH_CODE_SMELLS\Dataset Projects\scikit-learn\benchmarks\bench_kernel_pca_solvers_time_vs_n_components.py,benchmarks.bench_kernel_pca_solvers_time_vs_n_components,,medium,,,6.0,0.0,,,,easy
Architectural,Unstable Dependency,Module 'benchmarks.bench_kernel_pca_solvers_time_vs_n_samples' has high instability (1.00) with 6 outgoing and 0 incoming dependencies,D:\scoala\RESEARCH_CODE_SMELLS\Dataset Projects\scikit-learn\benchmarks\bench_kernel_pca_solvers_time_vs_n_samples.py,benchmarks.bench_kernel_pca_solvers_time_vs_n_samples,,medium,,,6.0,0.0,,,,easy
Architectural,Unstable Dependency,Module 'benchmarks.bench_lasso' has high instability (1.00) with 6 outgoing and 0 incoming dependencies,D:\scoala\RESEARCH_CODE_SMELLS\Dataset Projects\scikit-learn\benchmarks\bench_lasso.py,benchmarks.bench_lasso,,medium,,,6.0,0.0,,,,easy
Architectural,Unstable Dependency,Module 'benchmarks.bench_lof' has high instability (1.00) with 7 outgoing and 0 incoming dependencies,D:\scoala\RESEARCH_CODE_SMELLS\Dataset Projects\scikit-learn\benchmarks\bench_lof.py,benchmarks.bench_lof,,medium,,,7.0,0.0,,,,easy
Architectural,Unstable Dependency,Module 'benchmarks.bench_mnist' has high instability (1.00) with 16 outgoing and 0 incoming dependencies,D:\scoala\RESEARCH_CODE_SMELLS\Dataset Projects\scikit-learn\benchmarks\bench_mnist.py,benchmarks.bench_mnist,,medium,,,16.0,0.0,,,,medium
Architectural,Unstable Dependency,Module 'benchmarks.bench_multilabel_metrics' has high instability (1.00) with 11 outgoing and 0 incoming dependencies,D:\scoala\RESEARCH_CODE_SMELLS\Dataset Projects\scikit-learn\benchmarks\bench_multilabel_metrics.py,benchmarks.bench_multilabel_metrics,,medium,,,11.0,0.0,,,,medium
Architectural,Unstable Dependency,Module 'benchmarks.bench_online_ocsvm' has high instability (1.00) with 13 outgoing and 0 incoming dependencies,D:\scoala\RESEARCH_CODE_SMELLS\Dataset Projects\scikit-learn\benchmarks\bench_online_ocsvm.py,benchmarks.bench_online_ocsvm,,medium,,,13.0,0.0,,,,medium
Architectural,Unstable Dependency,Module 'benchmarks.bench_pca_solvers' has high instability (1.00) with 8 outgoing and 0 incoming dependencies,D:\scoala\RESEARCH_CODE_SMELLS\Dataset Projects\scikit-learn\benchmarks\bench_pca_solvers.py,benchmarks.bench_pca_solvers,,medium,,,8.0,0.0,,,,easy
Architectural,Unstable Dependency,Module 'benchmarks.bench_plot_fastkmeans' has high instability (1.00) with 6 outgoing and 0 incoming dependencies,D:\scoala\RESEARCH_CODE_SMELLS\Dataset Projects\scikit-learn\benchmarks\bench_plot_fastkmeans.py,benchmarks.bench_plot_fastkmeans,,medium,,,6.0,0.0,,,,easy
Architectural,Unstable Dependency,Module 'benchmarks.bench_plot_hierarchical' has high instability (1.00) with 5 outgoing and 0 incoming dependencies,D:\scoala\RESEARCH_CODE_SMELLS\Dataset Projects\scikit-learn\benchmarks\bench_plot_hierarchical.py,benchmarks.bench_plot_hierarchical,,medium,,,5.0,0.0,,,,easy
Architectural,Unstable Dependency,Module 'benchmarks.bench_plot_incremental_pca' has high instability (1.00) with 7 outgoing and 0 incoming dependencies,D:\scoala\RESEARCH_CODE_SMELLS\Dataset Projects\scikit-learn\benchmarks\bench_plot_incremental_pca.py,benchmarks.bench_plot_incremental_pca,,medium,,,7.0,0.0,,,,easy
Architectural,Unstable Dependency,Module 'benchmarks.bench_plot_lasso_path' has high instability (1.00) with 9 outgoing and 0 incoming dependencies,D:\scoala\RESEARCH_CODE_SMELLS\Dataset Projects\scikit-learn\benchmarks\bench_plot_lasso_path.py,benchmarks.bench_plot_lasso_path,,medium,,,9.0,0.0,,,,medium
Architectural,Unstable Dependency,Module 'benchmarks.bench_plot_neighbors' has high instability (1.00) with 5 outgoing and 0 incoming dependencies,D:\scoala\RESEARCH_CODE_SMELLS\Dataset Projects\scikit-learn\benchmarks\bench_plot_neighbors.py,benchmarks.bench_plot_neighbors,,medium,,,5.0,0.0,,,,easy
Architectural,Unstable Dependency,Module 'benchmarks.bench_plot_nmf' has high instability (1.00) with 17 outgoing and 0 incoming dependencies,D:\scoala\RESEARCH_CODE_SMELLS\Dataset Projects\scikit-learn\benchmarks\bench_plot_nmf.py,benchmarks.bench_plot_nmf,,medium,,,17.0,0.0,,,,medium
Architectural,Unstable Dependency,Module 'benchmarks.bench_plot_omp_lars' has high instability (1.00) with 7 outgoing and 0 incoming dependencies,D:\scoala\RESEARCH_CODE_SMELLS\Dataset Projects\scikit-learn\benchmarks\bench_plot_omp_lars.py,benchmarks.bench_plot_omp_lars,,medium,,,7.0,0.0,,,,easy
Architectural,Unstable Dependency,Module 'benchmarks.bench_plot_polynomial_kernel_approximation' has high instability (1.00) with 8 outgoing and 0 incoming dependencies,D:\scoala\RESEARCH_CODE_SMELLS\Dataset Projects\scikit-learn\benchmarks\bench_plot_polynomial_kernel_approximation.py,benchmarks.bench_plot_polynomial_kernel_approximation,,medium,,,8.0,0.0,,,,easy
Architectural,Unstable Dependency,Module 'benchmarks.bench_plot_randomized_svd' has high instability (1.00) with 14 outgoing and 0 incoming dependencies,D:\scoala\RESEARCH_CODE_SMELLS\Dataset Projects\scikit-learn\benchmarks\bench_plot_randomized_svd.py,benchmarks.bench_plot_randomized_svd,,medium,,,14.0,0.0,,,,medium
Architectural,Unstable Dependency,Module 'benchmarks.bench_plot_svd' has high instability (1.00) with 9 outgoing and 0 incoming dependencies,D:\scoala\RESEARCH_CODE_SMELLS\Dataset Projects\scikit-learn\benchmarks\bench_plot_svd.py,benchmarks.bench_plot_svd,,medium,,,9.0,0.0,,,,medium
Architectural,Unstable Dependency,Module 'benchmarks.bench_plot_ward' has high instability (1.00) with 5 outgoing and 0 incoming dependencies,D:\scoala\RESEARCH_CODE_SMELLS\Dataset Projects\scikit-learn\benchmarks\bench_plot_ward.py,benchmarks.bench_plot_ward,,medium,,,5.0,0.0,,,,easy
Architectural,Unstable Dependency,Module 'benchmarks.bench_random_projections' has high instability (1.00) with 9 outgoing and 0 incoming dependencies,D:\scoala\RESEARCH_CODE_SMELLS\Dataset Projects\scikit-learn\benchmarks\bench_random_projections.py,benchmarks.bench_random_projections,,medium,,,9.0,0.0,,,,medium
Architectural,Unstable Dependency,Module 'benchmarks.bench_rcv1_logreg_convergence' has high instability (1.00) with 9 outgoing and 0 incoming dependencies,D:\scoala\RESEARCH_CODE_SMELLS\Dataset Projects\scikit-learn\benchmarks\bench_rcv1_logreg_convergence.py,benchmarks.bench_rcv1_logreg_convergence,,medium,,,9.0,0.0,,,,medium
Architectural,Unstable Dependency,Module 'benchmarks.bench_saga' has high instability (1.00) with 15 outgoing and 0 incoming dependencies,D:\scoala\RESEARCH_CODE_SMELLS\Dataset Projects\scikit-learn\benchmarks\bench_saga.py,benchmarks.bench_saga,,medium,,,15.0,0.0,,,,medium
Architectural,Unstable Dependency,Module 'benchmarks.bench_sample_without_replacement' has high instability (1.00) with 9 outgoing and 0 incoming dependencies,D:\scoala\RESEARCH_CODE_SMELLS\Dataset Projects\scikit-learn\benchmarks\bench_sample_without_replacement.py,benchmarks.bench_sample_without_replacement,,medium,,,9.0,0.0,,,,medium
Architectural,Unstable Dependency,Module 'benchmarks.bench_sgd_regression' has high instability (1.00) with 7 outgoing and 0 incoming dependencies,D:\scoala\RESEARCH_CODE_SMELLS\Dataset Projects\scikit-learn\benchmarks\bench_sgd_regression.py,benchmarks.bench_sgd_regression,,medium,,,7.0,0.0,,,,easy
Architectural,Unstable Dependency,Module 'benchmarks.bench_text_vectorizers' has high instability (1.00) with 7 outgoing and 0 incoming dependencies,D:\scoala\RESEARCH_CODE_SMELLS\Dataset Projects\scikit-learn\benchmarks\bench_text_vectorizers.py,benchmarks.bench_text_vectorizers,,medium,,,7.0,0.0,,,,easy
Architectural,Unstable Dependency,Module 'benchmarks.bench_tree' has high instability (1.00) with 5 outgoing and 0 incoming dependencies,D:\scoala\RESEARCH_CODE_SMELLS\Dataset Projects\scikit-learn\benchmarks\bench_tree.py,benchmarks.bench_tree,,medium,,,5.0,0.0,,,,easy
Architectural,Unstable Dependency,Module 'benchmarks.bench_tsne_mnist' has high instability (1.00) with 15 outgoing and 0 incoming dependencies,D:\scoala\RESEARCH_CODE_SMELLS\Dataset Projects\scikit-learn\benchmarks\bench_tsne_mnist.py,benchmarks.bench_tsne_mnist,,medium,,,15.0,0.0,,,,medium
Architectural,Unstable Dependency,Module 'build_tools.generate_authors_table' has high instability (1.00) with 6 outgoing and 0 incoming dependencies,D:\scoala\RESEARCH_CODE_SMELLS\Dataset Projects\scikit-learn\build_tools\generate_authors_table.py,build_tools.generate_authors_table,,medium,,,6.0,0.0,,,,easy
Architectural,Unstable Dependency,Module 'build_tools.update_environments_and_lock_files' has high instability (1.00) with 10 outgoing and 0 incoming dependencies,D:\scoala\RESEARCH_CODE_SMELLS\Dataset Projects\scikit-learn\build_tools\update_environments_and_lock_files.py,build_tools.update_environments_and_lock_files,,medium,,,10.0,0.0,,,,medium
Architectural,Unstable Dependency,Module 'circle.list_versions' has high instability (1.00) with 6 outgoing and 0 incoming dependencies,D:\scoala\RESEARCH_CODE_SMELLS\Dataset Projects\scikit-learn\build_tools\circle\list_versions.py,circle.list_versions,,medium,,,6.0,0.0,,,,easy
Architectural,Unstable Dependency,Module 'github.vendor' has high instability (1.00) with 5 outgoing and 0 incoming dependencies,D:\scoala\RESEARCH_CODE_SMELLS\Dataset Projects\scikit-learn\build_tools\github\vendor.py,github.vendor,,medium,,,5.0,0.0,,,,easy
Architectural,Unstable Dependency,Module 'doc.conf' has high instability (1.00) with 22 outgoing and 0 incoming dependencies,D:\scoala\RESEARCH_CODE_SMELLS\Dataset Projects\scikit-learn\doc\conf.py,doc.conf,,medium,,,22.0,0.0,,,,hard
Architectural,Unstable Dependency,Module 'sphinxext.allow_nan_estimators' has high instability (1.00) with 6 outgoing and 0 incoming dependencies,D:\scoala\RESEARCH_CODE_SMELLS\Dataset Projects\scikit-learn\doc\sphinxext\allow_nan_estimators.py,sphinxext.allow_nan_estimators,,medium,,,6.0,0.0,,,,easy
Architectural,Unstable Dependency,Module 'sphinxext.github_link' has high instability (1.00) with 6 outgoing and 0 incoming dependencies,D:\scoala\RESEARCH_CODE_SMELLS\Dataset Projects\scikit-learn\doc\sphinxext\github_link.py,sphinxext.github_link,,medium,,,6.0,0.0,,,,easy
Architectural,Unstable Dependency,Module 'applications.plot_cyclical_feature_engineering' has high instability (1.00) with 12 outgoing and 0 incoming dependencies,D:\scoala\RESEARCH_CODE_SMELLS\Dataset Projects\scikit-learn\examples\applications\plot_cyclical_feature_engineering.py,applications.plot_cyclical_feature_engineering,,medium,,,12.0,0.0,,,,medium
Architectural,Unstable Dependency,Module 'applications.plot_digits_denoising' has high instability (1.00) with 6 outgoing and 0 incoming dependencies,D:\scoala\RESEARCH_CODE_SMELLS\Dataset Projects\scikit-learn\examples\applications\plot_digits_denoising.py,applications.plot_digits_denoising,,medium,,,6.0,0.0,,,,easy
Architectural,Unstable Dependency,Module 'applications.plot_face_recognition' has high instability (1.00) with 9 outgoing and 0 incoming dependencies,D:\scoala\RESEARCH_CODE_SMELLS\Dataset Projects\scikit-learn\examples\applications\plot_face_recognition.py,applications.plot_face_recognition,,medium,,,9.0,0.0,,,,medium
Architectural,Unstable Dependency,Module 'applications.plot_model_complexity_influence' has high instability (1.00) with 9 outgoing and 0 incoming dependencies,D:\scoala\RESEARCH_CODE_SMELLS\Dataset Projects\scikit-learn\examples\applications\plot_model_complexity_influence.py,applications.plot_model_complexity_influence,,medium,,,9.0,0.0,,,,medium
Architectural,Unstable Dependency,Module 'applications.plot_outlier_detection_wine' has high instability (1.00) with 6 outgoing and 0 incoming dependencies,D:\scoala\RESEARCH_CODE_SMELLS\Dataset Projects\scikit-learn\examples\applications\plot_outlier_detection_wine.py,applications.plot_outlier_detection_wine,,medium,,,6.0,0.0,,,,easy
Architectural,Unstable Dependency,Module 'applications.plot_out_of_core_classification' has high instability (1.00) with 16 outgoing and 0 incoming dependencies,D:\scoala\RESEARCH_CODE_SMELLS\Dataset Projects\scikit-learn\examples\applications\plot_out_of_core_classification.py,applications.plot_out_of_core_classification,,medium,,,16.0,0.0,,,,medium
Architectural,Unstable Dependency,Module 'applications.plot_prediction_latency' has high instability (1.00) with 12 outgoing and 0 incoming dependencies,D:\scoala\RESEARCH_CODE_SMELLS\Dataset Projects\scikit-learn\examples\applications\plot_prediction_latency.py,applications.plot_prediction_latency,,medium,,,12.0,0.0,,,,medium
Architectural,Unstable Dependency,Module 'applications.plot_species_distribution_modeling' has high instability (1.00) with 7 outgoing and 0 incoming dependencies,D:\scoala\RESEARCH_CODE_SMELLS\Dataset Projects\scikit-learn\examples\applications\plot_species_distribution_modeling.py,applications.plot_species_distribution_modeling,,medium,,,7.0,0.0,,,,easy
Architectural,Unstable Dependency,Module 'applications.plot_stock_market' has high instability (1.00) with 6 outgoing and 0 incoming dependencies,D:\scoala\RESEARCH_CODE_SMELLS\Dataset Projects\scikit-learn\examples\applications\plot_stock_market.py,applications.plot_stock_market,,medium,,,6.0,0.0,,,,easy
Architectural,Unstable Dependency,Module 'applications.plot_time_series_lagged_features' has high instability (1.00) with 9 outgoing and 0 incoming dependencies,D:\scoala\RESEARCH_CODE_SMELLS\Dataset Projects\scikit-learn\examples\applications\plot_time_series_lagged_features.py,applications.plot_time_series_lagged_features,,medium,,,9.0,0.0,,,,medium
Architectural,Unstable Dependency,Module 'applications.plot_topics_extraction_with_nmf_lda' has high instability (1.00) with 5 outgoing and 0 incoming dependencies,D:\scoala\RESEARCH_CODE_SMELLS\Dataset Projects\scikit-learn\examples\applications\plot_topics_extraction_with_nmf_lda.py,applications.plot_topics_extraction_with_nmf_lda,,medium,,,5.0,0.0,,,,easy
Architectural,Unstable Dependency,Module 'applications.wikipedia_principal_eigenvector' has high instability (1.00) with 9 outgoing and 0 incoming dependencies,D:\scoala\RESEARCH_CODE_SMELLS\Dataset Projects\scikit-learn\examples\applications\wikipedia_principal_eigenvector.py,applications.wikipedia_principal_eigenvector,,medium,,,9.0,0.0,,,,medium
Architectural,Unstable Dependency,Module 'bicluster.plot_bicluster_newsgroups' has high instability (1.00) with 8 outgoing and 0 incoming dependencies,D:\scoala\RESEARCH_CODE_SMELLS\Dataset Projects\scikit-learn\examples\bicluster\plot_bicluster_newsgroups.py,bicluster.plot_bicluster_newsgroups,,medium,,,8.0,0.0,,,,easy
Architectural,Unstable Dependency,Module 'bicluster.plot_spectral_biclustering' has high instability (1.00) with 5 outgoing and 0 incoming dependencies,D:\scoala\RESEARCH_CODE_SMELLS\Dataset Projects\scikit-learn\examples\bicluster\plot_spectral_biclustering.py,bicluster.plot_spectral_biclustering,,medium,,,5.0,0.0,,,,easy
Architectural,Unstable Dependency,Module 'bicluster.plot_spectral_coclustering' has high instability (1.00) with 5 outgoing and 0 incoming dependencies,D:\scoala\RESEARCH_CODE_SMELLS\Dataset Projects\scikit-learn\examples\bicluster\plot_spectral_coclustering.py,bicluster.plot_spectral_coclustering,,medium,,,5.0,0.0,,,,easy
Architectural,Unstable Dependency,Module 'calibration.plot_calibration' has high instability (1.00) with 8 outgoing and 0 incoming dependencies,D:\scoala\RESEARCH_CODE_SMELLS\Dataset Projects\scikit-learn\examples\calibration\plot_calibration.py,calibration.plot_calibration,,medium,,,8.0,0.0,,,,easy
Architectural,Unstable Dependency,Module 'calibration.plot_calibration_curve' has high instability (1.00) with 12 outgoing and 0 incoming dependencies,D:\scoala\RESEARCH_CODE_SMELLS\Dataset Projects\scikit-learn\examples\calibration\plot_calibration_curve.py,calibration.plot_calibration_curve,,medium,,,12.0,0.0,,,,medium
Architectural,Unstable Dependency,Module 'calibration.plot_calibration_multiclass' has high instability (1.00) with 7 outgoing and 0 incoming dependencies,D:\scoala\RESEARCH_CODE_SMELLS\Dataset Projects\scikit-learn\examples\calibration\plot_calibration_multiclass.py,calibration.plot_calibration_multiclass,,medium,,,7.0,0.0,,,,easy
Architectural,Unstable Dependency,Module 'calibration.plot_compare_calibration' has high instability (1.00) with 10 outgoing and 0 incoming dependencies,D:\scoala\RESEARCH_CODE_SMELLS\Dataset Projects\scikit-learn\examples\calibration\plot_compare_calibration.py,calibration.plot_compare_calibration,,medium,,,10.0,0.0,,,,medium
Architectural,Unstable Dependency,Module 'classification.plot_classification_probability' has high instability (1.00) with 15 outgoing and 0 incoming dependencies,D:\scoala\RESEARCH_CODE_SMELLS\Dataset Projects\scikit-learn\examples\classification\plot_classification_probability.py,classification.plot_classification_probability,,medium,,,15.0,0.0,,,,medium
Architectural,Unstable Dependency,Module 'classification.plot_classifier_comparison' has high instability (1.00) with 17 outgoing and 0 incoming dependencies,D:\scoala\RESEARCH_CODE_SMELLS\Dataset Projects\scikit-learn\examples\classification\plot_classifier_comparison.py,classification.plot_classifier_comparison,,medium,,,17.0,0.0,,,,medium
Architectural,Unstable Dependency,Module 'classification.plot_lda' has high instability (1.00) with 5 outgoing and 0 incoming dependencies,D:\scoala\RESEARCH_CODE_SMELLS\Dataset Projects\scikit-learn\examples\classification\plot_lda.py,classification.plot_lda,,medium,,,5.0,0.0,,,,easy
Architectural,Unstable Dependency,Module 'classification.plot_lda_qda' has high instability (1.00) with 5 outgoing and 0 incoming dependencies,D:\scoala\RESEARCH_CODE_SMELLS\Dataset Projects\scikit-learn\examples\classification\plot_lda_qda.py,classification.plot_lda_qda,,medium,,,5.0,0.0,,,,easy
Architectural,Unstable Dependency,Module 'cluster.plot_affinity_propagation' has high instability (1.00) with 5 outgoing and 0 incoming dependencies,D:\scoala\RESEARCH_CODE_SMELLS\Dataset Projects\scikit-learn\examples\cluster\plot_affinity_propagation.py,cluster.plot_affinity_propagation,,medium,,,5.0,0.0,,,,easy
Architectural,Unstable Dependency,Module 'cluster.plot_agglomerative_clustering' has high instability (1.00) with 5 outgoing and 0 incoming dependencies,D:\scoala\RESEARCH_CODE_SMELLS\Dataset Projects\scikit-learn\examples\cluster\plot_agglomerative_clustering.py,cluster.plot_agglomerative_clustering,,medium,,,5.0,0.0,,,,easy
Architectural,Unstable Dependency,Module 'cluster.plot_agglomerative_clustering_metrics' has high instability (1.00) with 5 outgoing and 0 incoming dependencies,D:\scoala\RESEARCH_CODE_SMELLS\Dataset Projects\scikit-learn\examples\cluster\plot_agglomerative_clustering_metrics.py,cluster.plot_agglomerative_clustering_metrics,,medium,,,5.0,0.0,,,,easy
Architectural,Unstable Dependency,Module 'cluster.plot_agglomerative_dendrogram' has high instability (1.00) with 5 outgoing and 0 incoming dependencies,D:\scoala\RESEARCH_CODE_SMELLS\Dataset Projects\scikit-learn\examples\cluster\plot_agglomerative_dendrogram.py,cluster.plot_agglomerative_dendrogram,,medium,,,5.0,0.0,,,,easy
Architectural,Unstable Dependency,Module 'cluster.plot_birch_vs_minibatchkmeans' has high instability (1.00) with 8 outgoing and 0 incoming dependencies,D:\scoala\RESEARCH_CODE_SMELLS\Dataset Projects\scikit-learn\examples\cluster\plot_birch_vs_minibatchkmeans.py,cluster.plot_birch_vs_minibatchkmeans,,medium,,,8.0,0.0,,,,easy
Architectural,Unstable Dependency,Module 'cluster.plot_cluster_comparison' has high instability (1.00) with 8 outgoing and 0 incoming dependencies,D:\scoala\RESEARCH_CODE_SMELLS\Dataset Projects\scikit-learn\examples\cluster\plot_cluster_comparison.py,cluster.plot_cluster_comparison,,medium,,,8.0,0.0,,,,easy
Architectural,Unstable Dependency,Module 'cluster.plot_coin_segmentation' has high instability (1.00) with 8 outgoing and 0 incoming dependencies,D:\scoala\RESEARCH_CODE_SMELLS\Dataset Projects\scikit-learn\examples\cluster\plot_coin_segmentation.py,cluster.plot_coin_segmentation,,medium,,,8.0,0.0,,,,easy
Architectural,Unstable Dependency,Module 'cluster.plot_coin_ward_segmentation' has high instability (1.00) with 8 outgoing and 0 incoming dependencies,D:\scoala\RESEARCH_CODE_SMELLS\Dataset Projects\scikit-learn\examples\cluster\plot_coin_ward_segmentation.py,cluster.plot_coin_ward_segmentation,,medium,,,8.0,0.0,,,,easy
Architectural,Unstable Dependency,Module 'cluster.plot_dbscan' has high instability (1.00) with 6 outgoing and 0 incoming dependencies,D:\scoala\RESEARCH_CODE_SMELLS\Dataset Projects\scikit-learn\examples\cluster\plot_dbscan.py,cluster.plot_dbscan,,medium,,,6.0,0.0,,,,easy
Architectural,Unstable Dependency,Module 'cluster.plot_dict_face_patches' has high instability (1.00) with 6 outgoing and 0 incoming dependencies,D:\scoala\RESEARCH_CODE_SMELLS\Dataset Projects\scikit-learn\examples\cluster\plot_dict_face_patches.py,cluster.plot_dict_face_patches,,medium,,,6.0,0.0,,,,easy
Architectural,Unstable Dependency,Module 'cluster.plot_digits_linkage' has high instability (1.00) with 5 outgoing and 0 incoming dependencies,D:\scoala\RESEARCH_CODE_SMELLS\Dataset Projects\scikit-learn\examples\cluster\plot_digits_linkage.py,cluster.plot_digits_linkage,,medium,,,5.0,0.0,,,,easy
Architectural,Unstable Dependency,Module 'cluster.plot_feature_agglomeration_vs_univariate_selection' has high instability (1.00) with 12 outgoing and 0 incoming dependencies,D:\scoala\RESEARCH_CODE_SMELLS\Dataset Projects\scikit-learn\examples\cluster\plot_feature_agglomeration_vs_univariate_selection.py,cluster.plot_feature_agglomeration_vs_univariate_selection,,medium,,,12.0,0.0,,,,medium
Architectural,Unstable Dependency,Module 'cluster.plot_inductive_clustering' has high instability (1.00) with 8 outgoing and 0 incoming dependencies,D:\scoala\RESEARCH_CODE_SMELLS\Dataset Projects\scikit-learn\examples\cluster\plot_inductive_clustering.py,cluster.plot_inductive_clustering,,medium,,,8.0,0.0,,,,easy
Architectural,Unstable Dependency,Module 'cluster.plot_kmeans_assumptions' has high instability (1.00) with 5 outgoing and 0 incoming dependencies,D:\scoala\RESEARCH_CODE_SMELLS\Dataset Projects\scikit-learn\examples\cluster\plot_kmeans_assumptions.py,cluster.plot_kmeans_assumptions,,medium,,,5.0,0.0,,,,easy
Architectural,Unstable Dependency,Module 'cluster.plot_kmeans_digits' has high instability (1.00) with 9 outgoing and 0 incoming dependencies,D:\scoala\RESEARCH_CODE_SMELLS\Dataset Projects\scikit-learn\examples\cluster\plot_kmeans_digits.py,cluster.plot_kmeans_digits,,medium,,,9.0,0.0,,,,medium
Architectural,Unstable Dependency,Module 'cluster.plot_kmeans_silhouette_analysis' has high instability (1.00) with 6 outgoing and 0 incoming dependencies,D:\scoala\RESEARCH_CODE_SMELLS\Dataset Projects\scikit-learn\examples\cluster\plot_kmeans_silhouette_analysis.py,cluster.plot_kmeans_silhouette_analysis,,medium,,,6.0,0.0,,,,easy
Architectural,Unstable Dependency,Module 'cluster.plot_kmeans_stability_low_dim_dense' has high instability (1.00) with 5 outgoing and 0 incoming dependencies,D:\scoala\RESEARCH_CODE_SMELLS\Dataset Projects\scikit-learn\examples\cluster\plot_kmeans_stability_low_dim_dense.py,cluster.plot_kmeans_stability_low_dim_dense,,medium,,,5.0,0.0,,,,easy
Architectural,Unstable Dependency,Module 'cluster.plot_linkage_comparison' has high instability (1.00) with 7 outgoing and 0 incoming dependencies,D:\scoala\RESEARCH_CODE_SMELLS\Dataset Projects\scikit-learn\examples\cluster\plot_linkage_comparison.py,cluster.plot_linkage_comparison,,medium,,,7.0,0.0,,,,easy
Architectural,Unstable Dependency,Module 'cluster.plot_mini_batch_kmeans' has high instability (1.00) with 6 outgoing and 0 incoming dependencies,D:\scoala\RESEARCH_CODE_SMELLS\Dataset Projects\scikit-learn\examples\cluster\plot_mini_batch_kmeans.py,cluster.plot_mini_batch_kmeans,,medium,,,6.0,0.0,,,,easy
Architectural,Unstable Dependency,Module 'cluster.plot_ward_structured_vs_unstructured' has high instability (1.00) with 7 outgoing and 0 incoming dependencies,D:\scoala\RESEARCH_CODE_SMELLS\Dataset Projects\scikit-learn\examples\cluster\plot_ward_structured_vs_unstructured.py,cluster.plot_ward_structured_vs_unstructured,,medium,,,7.0,0.0,,,,easy
Architectural,Unstable Dependency,Module 'compose.plot_column_transformer' has high instability (1.00) with 10 outgoing and 0 incoming dependencies,D:\scoala\RESEARCH_CODE_SMELLS\Dataset Projects\scikit-learn\examples\compose\plot_column_transformer.py,compose.plot_column_transformer,,medium,,,10.0,0.0,,,,medium
Architectural,Unstable Dependency,Module 'compose.plot_column_transformer_mixed_types' has high instability (1.00) with 10 outgoing and 0 incoming dependencies,D:\scoala\RESEARCH_CODE_SMELLS\Dataset Projects\scikit-learn\examples\compose\plot_column_transformer_mixed_types.py,compose.plot_column_transformer_mixed_types,,medium,,,10.0,0.0,,,,medium
Architectural,Unstable Dependency,Module 'compose.plot_compare_reduction' has high instability (1.00) with 12 outgoing and 0 incoming dependencies,D:\scoala\RESEARCH_CODE_SMELLS\Dataset Projects\scikit-learn\examples\compose\plot_compare_reduction.py,compose.plot_compare_reduction,,medium,,,12.0,0.0,,,,medium
Architectural,Unstable Dependency,Module 'compose.plot_digits_pipe' has high instability (1.00) with 9 outgoing and 0 incoming dependencies,D:\scoala\RESEARCH_CODE_SMELLS\Dataset Projects\scikit-learn\examples\compose\plot_digits_pipe.py,compose.plot_digits_pipe,,medium,,,9.0,0.0,,,,medium
Architectural,Unstable Dependency,Module 'compose.plot_feature_union' has high instability (1.00) with 6 outgoing and 0 incoming dependencies,D:\scoala\RESEARCH_CODE_SMELLS\Dataset Projects\scikit-learn\examples\compose\plot_feature_union.py,compose.plot_feature_union,,medium,,,6.0,0.0,,,,easy
Architectural,Unstable Dependency,Module 'compose.plot_transformed_target' has high instability (1.00) with 8 outgoing and 0 incoming dependencies,D:\scoala\RESEARCH_CODE_SMELLS\Dataset Projects\scikit-learn\examples\compose\plot_transformed_target.py,compose.plot_transformed_target,,medium,,,8.0,0.0,,,,easy
Architectural,Unstable Dependency,Module 'covariance.plot_covariance_estimation' has high instability (1.00) with 5 outgoing and 0 incoming dependencies,D:\scoala\RESEARCH_CODE_SMELLS\Dataset Projects\scikit-learn\examples\covariance\plot_covariance_estimation.py,covariance.plot_covariance_estimation,,medium,,,5.0,0.0,,,,easy
Architectural,Unstable Dependency,Module 'covariance.plot_sparse_cov' has high instability (1.00) with 5 outgoing and 0 incoming dependencies,D:\scoala\RESEARCH_CODE_SMELLS\Dataset Projects\scikit-learn\examples\covariance\plot_sparse_cov.py,covariance.plot_sparse_cov,,medium,,,5.0,0.0,,,,easy
Architectural,Unstable Dependency,Module 'cross_decomposition.plot_pcr_vs_pls' has high instability (1.00) with 8 outgoing and 0 incoming dependencies,D:\scoala\RESEARCH_CODE_SMELLS\Dataset Projects\scikit-learn\examples\cross_decomposition\plot_pcr_vs_pls.py,cross_decomposition.plot_pcr_vs_pls,,medium,,,8.0,0.0,,,,easy
Architectural,Unstable Dependency,Module 'decomposition.plot_faces_decomposition' has high instability (1.00) with 5 outgoing and 0 incoming dependencies,D:\scoala\RESEARCH_CODE_SMELLS\Dataset Projects\scikit-learn\examples\decomposition\plot_faces_decomposition.py,decomposition.plot_faces_decomposition,,medium,,,5.0,0.0,,,,easy
Architectural,Unstable Dependency,Module 'decomposition.plot_image_denoising' has high instability (1.00) with 7 outgoing and 0 incoming dependencies,D:\scoala\RESEARCH_CODE_SMELLS\Dataset Projects\scikit-learn\examples\decomposition\plot_image_denoising.py,decomposition.plot_image_denoising,,medium,,,7.0,0.0,,,,easy
Architectural,Unstable Dependency,Module 'decomposition.plot_pca_iris' has high instability (1.00) with 5 outgoing and 0 incoming dependencies,D:\scoala\RESEARCH_CODE_SMELLS\Dataset Projects\scikit-learn\examples\decomposition\plot_pca_iris.py,decomposition.plot_pca_iris,,medium,,,5.0,0.0,,,,easy
Architectural,Unstable Dependency,Module 'decomposition.plot_pca_vs_fa_model_selection' has high instability (1.00) with 6 outgoing and 0 incoming dependencies,D:\scoala\RESEARCH_CODE_SMELLS\Dataset Projects\scikit-learn\examples\decomposition\plot_pca_vs_fa_model_selection.py,decomposition.plot_pca_vs_fa_model_selection,,medium,,,6.0,0.0,,,,easy
Architectural,Unstable Dependency,Module 'decomposition.plot_varimax_fa' has high instability (1.00) with 5 outgoing and 0 incoming dependencies,D:\scoala\RESEARCH_CODE_SMELLS\Dataset Projects\scikit-learn\examples\decomposition\plot_varimax_fa.py,decomposition.plot_varimax_fa,,medium,,,5.0,0.0,,,,easy
Architectural,Unstable Dependency,Module 'ensemble.plot_adaboost_multiclass' has high instability (1.00) with 8 outgoing and 0 incoming dependencies,D:\scoala\RESEARCH_CODE_SMELLS\Dataset Projects\scikit-learn\examples\ensemble\plot_adaboost_multiclass.py,ensemble.plot_adaboost_multiclass,,medium,,,8.0,0.0,,,,easy
Architectural,Unstable Dependency,Module 'ensemble.plot_adaboost_regression' has high instability (1.00) with 5 outgoing and 0 incoming dependencies,D:\scoala\RESEARCH_CODE_SMELLS\Dataset Projects\scikit-learn\examples\ensemble\plot_adaboost_regression.py,ensemble.plot_adaboost_regression,,medium,,,5.0,0.0,,,,easy
Architectural,Unstable Dependency,Module 'ensemble.plot_adaboost_twoclass' has high instability (1.00) with 6 outgoing and 0 incoming dependencies,D:\scoala\RESEARCH_CODE_SMELLS\Dataset Projects\scikit-learn\examples\ensemble\plot_adaboost_twoclass.py,ensemble.plot_adaboost_twoclass,,medium,,,6.0,0.0,,,,easy
Architectural,Unstable Dependency,Module 'ensemble.plot_feature_transformation' has high instability (1.00) with 8 outgoing and 0 incoming dependencies,D:\scoala\RESEARCH_CODE_SMELLS\Dataset Projects\scikit-learn\examples\ensemble\plot_feature_transformation.py,ensemble.plot_feature_transformation,,medium,,,8.0,0.0,,,,easy
Architectural,Unstable Dependency,Module 'ensemble.plot_forest_hist_grad_boosting_comparison' has high instability (1.00) with 8 outgoing and 0 incoming dependencies,D:\scoala\RESEARCH_CODE_SMELLS\Dataset Projects\scikit-learn\examples\ensemble\plot_forest_hist_grad_boosting_comparison.py,ensemble.plot_forest_hist_grad_boosting_comparison,,medium,,,8.0,0.0,,,,easy
Architectural,Unstable Dependency,Module 'ensemble.plot_forest_importances' has high instability (1.00) with 8 outgoing and 0 incoming dependencies,D:\scoala\RESEARCH_CODE_SMELLS\Dataset Projects\scikit-learn\examples\ensemble\plot_forest_importances.py,ensemble.plot_forest_importances,,medium,,,8.0,0.0,,,,easy
Architectural,Unstable Dependency,Module 'ensemble.plot_forest_iris' has high instability (1.00) with 6 outgoing and 0 incoming dependencies,D:\scoala\RESEARCH_CODE_SMELLS\Dataset Projects\scikit-learn\examples\ensemble\plot_forest_iris.py,ensemble.plot_forest_iris,,medium,,,6.0,0.0,,,,easy
Architectural,Unstable Dependency,Module 'ensemble.plot_gradient_boosting_categorical' has high instability (1.00) with 8 outgoing and 0 incoming dependencies,D:\scoala\RESEARCH_CODE_SMELLS\Dataset Projects\scikit-learn\examples\ensemble\plot_gradient_boosting_categorical.py,ensemble.plot_gradient_boosting_categorical,,medium,,,8.0,0.0,,,,easy
Architectural,Unstable Dependency,Module 'ensemble.plot_gradient_boosting_early_stopping' has high instability (1.00) with 6 outgoing and 0 incoming dependencies,D:\scoala\RESEARCH_CODE_SMELLS\Dataset Projects\scikit-learn\examples\ensemble\plot_gradient_boosting_early_stopping.py,ensemble.plot_gradient_boosting_early_stopping,,medium,,,6.0,0.0,,,,easy
Architectural,Unstable Dependency,Module 'ensemble.plot_gradient_boosting_oob' has high instability (1.00) with 6 outgoing and 0 incoming dependencies,D:\scoala\RESEARCH_CODE_SMELLS\Dataset Projects\scikit-learn\examples\ensemble\plot_gradient_boosting_oob.py,ensemble.plot_gradient_boosting_oob,,medium,,,6.0,0.0,,,,easy
Architectural,Unstable Dependency,Module 'ensemble.plot_gradient_boosting_quantile' has high instability (1.00) with 9 outgoing and 0 incoming dependencies,D:\scoala\RESEARCH_CODE_SMELLS\Dataset Projects\scikit-learn\examples\ensemble\plot_gradient_boosting_quantile.py,ensemble.plot_gradient_boosting_quantile,,medium,,,9.0,0.0,,,,medium
Architectural,Unstable Dependency,Module 'ensemble.plot_gradient_boosting_regression' has high instability (1.00) with 8 outgoing and 0 incoming dependencies,D:\scoala\RESEARCH_CODE_SMELLS\Dataset Projects\scikit-learn\examples\ensemble\plot_gradient_boosting_regression.py,ensemble.plot_gradient_boosting_regression,,medium,,,8.0,0.0,,,,easy
Architectural,Unstable Dependency,Module 'ensemble.plot_gradient_boosting_regularization' has high instability (1.00) with 5 outgoing and 0 incoming dependencies,D:\scoala\RESEARCH_CODE_SMELLS\Dataset Projects\scikit-learn\examples\ensemble\plot_gradient_boosting_regularization.py,ensemble.plot_gradient_boosting_regularization,,medium,,,5.0,0.0,,,,easy
Architectural,Unstable Dependency,Module 'ensemble.plot_hgbt_regression' has high instability (1.00) with 9 outgoing and 0 incoming dependencies,D:\scoala\RESEARCH_CODE_SMELLS\Dataset Projects\scikit-learn\examples\ensemble\plot_hgbt_regression.py,ensemble.plot_hgbt_regression,,medium,,,9.0,0.0,,,,medium
Architectural,Unstable Dependency,Module 'ensemble.plot_isolation_forest' has high instability (1.00) with 5 outgoing and 0 incoming dependencies,D:\scoala\RESEARCH_CODE_SMELLS\Dataset Projects\scikit-learn\examples\ensemble\plot_isolation_forest.py,ensemble.plot_isolation_forest,,medium,,,5.0,0.0,,,,easy
Architectural,Unstable Dependency,Module 'ensemble.plot_monotonic_constraints' has high instability (1.00) with 5 outgoing and 0 incoming dependencies,D:\scoala\RESEARCH_CODE_SMELLS\Dataset Projects\scikit-learn\examples\ensemble\plot_monotonic_constraints.py,ensemble.plot_monotonic_constraints,,medium,,,5.0,0.0,,,,easy
Architectural,Unstable Dependency,Module 'ensemble.plot_random_forest_embedding' has high instability (1.00) with 6 outgoing and 0 incoming dependencies,D:\scoala\RESEARCH_CODE_SMELLS\Dataset Projects\scikit-learn\examples\ensemble\plot_random_forest_embedding.py,ensemble.plot_random_forest_embedding,,medium,,,6.0,0.0,,,,easy
Architectural,Unstable Dependency,Module 'ensemble.plot_random_forest_regression_multioutput' has high instability (1.00) with 5 outgoing and 0 incoming dependencies,D:\scoala\RESEARCH_CODE_SMELLS\Dataset Projects\scikit-learn\examples\ensemble\plot_random_forest_regression_multioutput.py,ensemble.plot_random_forest_regression_multioutput,,medium,,,5.0,0.0,,,,easy
Architectural,Unstable Dependency,Module 'ensemble.plot_stack_predictors' has high instability (1.00) with 13 outgoing and 0 incoming dependencies,D:\scoala\RESEARCH_CODE_SMELLS\Dataset Projects\scikit-learn\examples\ensemble\plot_stack_predictors.py,ensemble.plot_stack_predictors,,medium,,,13.0,0.0,,,,medium
Architectural,Unstable Dependency,Module 'ensemble.plot_voting_decision_regions' has high instability (1.00) with 12 outgoing and 0 incoming dependencies,D:\scoala\RESEARCH_CODE_SMELLS\Dataset Projects\scikit-learn\examples\ensemble\plot_voting_decision_regions.py,ensemble.plot_voting_decision_regions,,medium,,,12.0,0.0,,,,medium
Architectural,Unstable Dependency,Module 'feature_selection.plot_feature_selection' has high instability (1.00) with 8 outgoing and 0 incoming dependencies,D:\scoala\RESEARCH_CODE_SMELLS\Dataset Projects\scikit-learn\examples\feature_selection\plot_feature_selection.py,feature_selection.plot_feature_selection,,medium,,,8.0,0.0,,,,easy
Architectural,Unstable Dependency,Module 'feature_selection.plot_feature_selection_pipeline' has high instability (1.00) with 6 outgoing and 0 incoming dependencies,D:\scoala\RESEARCH_CODE_SMELLS\Dataset Projects\scikit-learn\examples\feature_selection\plot_feature_selection_pipeline.py,feature_selection.plot_feature_selection_pipeline,,medium,,,6.0,0.0,,,,easy
Architectural,Unstable Dependency,Module 'feature_selection.plot_rfe_digits' has high instability (1.00) with 6 outgoing and 0 incoming dependencies,D:\scoala\RESEARCH_CODE_SMELLS\Dataset Projects\scikit-learn\examples\feature_selection\plot_rfe_digits.py,feature_selection.plot_rfe_digits,,medium,,,6.0,0.0,,,,easy
Architectural,Unstable Dependency,Module 'feature_selection.plot_rfe_with_cross_validation' has high instability (1.00) with 7 outgoing and 0 incoming dependencies,D:\scoala\RESEARCH_CODE_SMELLS\Dataset Projects\scikit-learn\examples\feature_selection\plot_rfe_with_cross_validation.py,feature_selection.plot_rfe_with_cross_validation,,medium,,,7.0,0.0,,,,easy
Architectural,Unstable Dependency,Module 'feature_selection.plot_select_from_model_diabetes' has high instability (1.00) with 9 outgoing and 0 incoming dependencies,D:\scoala\RESEARCH_CODE_SMELLS\Dataset Projects\scikit-learn\examples\feature_selection\plot_select_from_model_diabetes.py,feature_selection.plot_select_from_model_diabetes,,medium,,,9.0,0.0,,,,medium
Architectural,Unstable Dependency,Module 'frozen.plot_frozen_examples' has high instability (1.00) with 6 outgoing and 0 incoming dependencies,D:\scoala\RESEARCH_CODE_SMELLS\Dataset Projects\scikit-learn\examples\frozen\plot_frozen_examples.py,frozen.plot_frozen_examples,,medium,,,6.0,0.0,,,,easy
Architectural,Unstable Dependency,Module 'gaussian_process.plot_compare_gpr_krr' has high instability (1.00) with 9 outgoing and 0 incoming dependencies,D:\scoala\RESEARCH_CODE_SMELLS\Dataset Projects\scikit-learn\examples\gaussian_process\plot_compare_gpr_krr.py,gaussian_process.plot_compare_gpr_krr,,medium,,,9.0,0.0,,,,medium
Architectural,Unstable Dependency,Module 'gaussian_process.plot_gpc' has high instability (1.00) with 5 outgoing and 0 incoming dependencies,D:\scoala\RESEARCH_CODE_SMELLS\Dataset Projects\scikit-learn\examples\gaussian_process\plot_gpc.py,gaussian_process.plot_gpc,,medium,,,5.0,0.0,,,,easy
Architectural,Unstable Dependency,Module 'gaussian_process.plot_gpc_iris' has high instability (1.00) with 5 outgoing and 0 incoming dependencies,D:\scoala\RESEARCH_CODE_SMELLS\Dataset Projects\scikit-learn\examples\gaussian_process\plot_gpc_iris.py,gaussian_process.plot_gpc_iris,,medium,,,5.0,0.0,,,,easy
Architectural,Unstable Dependency,Module 'gaussian_process.plot_gpr_co2' has high instability (1.00) with 7 outgoing and 0 incoming dependencies,D:\scoala\RESEARCH_CODE_SMELLS\Dataset Projects\scikit-learn\examples\gaussian_process\plot_gpr_co2.py,gaussian_process.plot_gpr_co2,,medium,,,7.0,0.0,,,,easy
Architectural,Unstable Dependency,Module 'gaussian_process.plot_gpr_noisy' has high instability (1.00) with 5 outgoing and 0 incoming dependencies,D:\scoala\RESEARCH_CODE_SMELLS\Dataset Projects\scikit-learn\examples\gaussian_process\plot_gpr_noisy.py,gaussian_process.plot_gpr_noisy,,medium,,,5.0,0.0,,,,easy
Architectural,Unstable Dependency,Module 'gaussian_process.plot_gpr_on_structured_data' has high instability (1.00) with 5 outgoing and 0 incoming dependencies,D:\scoala\RESEARCH_CODE_SMELLS\Dataset Projects\scikit-learn\examples\gaussian_process\plot_gpr_on_structured_data.py,gaussian_process.plot_gpr_on_structured_data,,medium,,,5.0,0.0,,,,easy
Architectural,Unstable Dependency,Module 'impute.plot_iterative_imputer_variants_comparison' has high instability (1.00) with 13 outgoing and 0 incoming dependencies,D:\scoala\RESEARCH_CODE_SMELLS\Dataset Projects\scikit-learn\examples\impute\plot_iterative_imputer_variants_comparison.py,impute.plot_iterative_imputer_variants_comparison,,medium,,,13.0,0.0,,,,medium
Architectural,Unstable Dependency,Module 'impute.plot_missing_values' has high instability (1.00) with 9 outgoing and 0 incoming dependencies,D:\scoala\RESEARCH_CODE_SMELLS\Dataset Projects\scikit-learn\examples\impute\plot_missing_values.py,impute.plot_missing_values,,medium,,,9.0,0.0,,,,medium
Architectural,Unstable Dependency,Module 'inspection.plot_causal_interpretation' has high instability (1.00) with 7 outgoing and 0 incoming dependencies,D:\scoala\RESEARCH_CODE_SMELLS\Dataset Projects\scikit-learn\examples\inspection\plot_causal_interpretation.py,inspection.plot_causal_interpretation,,medium,,,7.0,0.0,,,,easy
Architectural,Unstable Dependency,Module 'inspection.plot_linear_model_coefficient_interpretation' has high instability (1.00) with 12 outgoing and 0 incoming dependencies,D:\scoala\RESEARCH_CODE_SMELLS\Dataset Projects\scikit-learn\examples\inspection\plot_linear_model_coefficient_interpretation.py,inspection.plot_linear_model_coefficient_interpretation,,medium,,,12.0,0.0,,,,medium
Architectural,Unstable Dependency,Module 'inspection.plot_partial_dependence' has high instability (1.00) with 13 outgoing and 0 incoming dependencies,D:\scoala\RESEARCH_CODE_SMELLS\Dataset Projects\scikit-learn\examples\inspection\plot_partial_dependence.py,inspection.plot_partial_dependence,,medium,,,13.0,0.0,,,,medium
Architectural,Unstable Dependency,Module 'inspection.plot_permutation_importance' has high instability (1.00) with 10 outgoing and 0 incoming dependencies,D:\scoala\RESEARCH_CODE_SMELLS\Dataset Projects\scikit-learn\examples\inspection\plot_permutation_importance.py,inspection.plot_permutation_importance,,medium,,,10.0,0.0,,,,medium
Architectural,Unstable Dependency,Module 'inspection.plot_permutation_importance_multicollinear' has high instability (1.00) with 13 outgoing and 0 incoming dependencies,D:\scoala\RESEARCH_CODE_SMELLS\Dataset Projects\scikit-learn\examples\inspection\plot_permutation_importance_multicollinear.py,inspection.plot_permutation_importance_multicollinear,,medium,,,13.0,0.0,,,,medium
Architectural,Unstable Dependency,Module 'kernel_approximation.plot_scalable_poly_kernels' has high instability (1.00) with 8 outgoing and 0 incoming dependencies,D:\scoala\RESEARCH_CODE_SMELLS\Dataset Projects\scikit-learn\examples\kernel_approximation\plot_scalable_poly_kernels.py,kernel_approximation.plot_scalable_poly_kernels,,medium,,,8.0,0.0,,,,easy
Architectural,Unstable Dependency,Module 'linear_model.plot_ard' has high instability (1.00) with 9 outgoing and 0 incoming dependencies,D:\scoala\RESEARCH_CODE_SMELLS\Dataset Projects\scikit-learn\examples\linear_model\plot_ard.py,linear_model.plot_ard,,medium,,,9.0,0.0,,,,medium
Architectural,Unstable Dependency,Module 'linear_model.plot_lasso_and_elasticnet' has high instability (1.00) with 9 outgoing and 0 incoming dependencies,D:\scoala\RESEARCH_CODE_SMELLS\Dataset Projects\scikit-learn\examples\linear_model\plot_lasso_and_elasticnet.py,linear_model.plot_lasso_and_elasticnet,,medium,,,9.0,0.0,,,,medium
Architectural,Unstable Dependency,Module 'linear_model.plot_lasso_lars_ic' has high instability (1.00) with 6 outgoing and 0 incoming dependencies,D:\scoala\RESEARCH_CODE_SMELLS\Dataset Projects\scikit-learn\examples\linear_model\plot_lasso_lars_ic.py,linear_model.plot_lasso_lars_ic,,medium,,,6.0,0.0,,,,easy
Architectural,Unstable Dependency,Module 'linear_model.plot_lasso_model_selection' has high instability (1.00) with 8 outgoing and 0 incoming dependencies,D:\scoala\RESEARCH_CODE_SMELLS\Dataset Projects\scikit-learn\examples\linear_model\plot_lasso_model_selection.py,linear_model.plot_lasso_model_selection,,medium,,,8.0,0.0,,,,easy
Architectural,Unstable Dependency,Module 'linear_model.plot_logistic_l1_l2_sparsity' has high instability (1.00) with 5 outgoing and 0 incoming dependencies,D:\scoala\RESEARCH_CODE_SMELLS\Dataset Projects\scikit-learn\examples\linear_model\plot_logistic_l1_l2_sparsity.py,linear_model.plot_logistic_l1_l2_sparsity,,medium,,,5.0,0.0,,,,easy
Architectural,Unstable Dependency,Module 'linear_model.plot_logistic_multinomial' has high instability (1.00) with 6 outgoing and 0 incoming dependencies,D:\scoala\RESEARCH_CODE_SMELLS\Dataset Projects\scikit-learn\examples\linear_model\plot_logistic_multinomial.py,linear_model.plot_logistic_multinomial,,medium,,,6.0,0.0,,,,easy
Architectural,Unstable Dependency,Module 'linear_model.plot_logistic_path' has high instability (1.00) with 7 outgoing and 0 incoming dependencies,D:\scoala\RESEARCH_CODE_SMELLS\Dataset Projects\scikit-learn\examples\linear_model\plot_logistic_path.py,linear_model.plot_logistic_path,,medium,,,7.0,0.0,,,,easy
Architectural,Unstable Dependency,Module 'linear_model.plot_nnls' has high instability (1.00) with 5 outgoing and 0 incoming dependencies,D:\scoala\RESEARCH_CODE_SMELLS\Dataset Projects\scikit-learn\examples\linear_model\plot_nnls.py,linear_model.plot_nnls,,medium,,,5.0,0.0,,,,easy
Architectural,Unstable Dependency,Module 'linear_model.plot_ols_ridge' has high instability (1.00) with 7 outgoing and 0 incoming dependencies,D:\scoala\RESEARCH_CODE_SMELLS\Dataset Projects\scikit-learn\examples\linear_model\plot_ols_ridge.py,linear_model.plot_ols_ridge,,medium,,,7.0,0.0,,,,easy
Architectural,Unstable Dependency,Module 'linear_model.plot_poisson_regression_non_normal_loss' has high instability (1.00) with 13 outgoing and 0 incoming dependencies,D:\scoala\RESEARCH_CODE_SMELLS\Dataset Projects\scikit-learn\examples\linear_model\plot_poisson_regression_non_normal_loss.py,linear_model.plot_poisson_regression_non_normal_loss,,medium,,,13.0,0.0,,,,medium
Architectural,Unstable Dependency,Module 'linear_model.plot_polynomial_interpolation' has high instability (1.00) with 5 outgoing and 0 incoming dependencies,D:\scoala\RESEARCH_CODE_SMELLS\Dataset Projects\scikit-learn\examples\linear_model\plot_polynomial_interpolation.py,linear_model.plot_polynomial_interpolation,,medium,,,5.0,0.0,,,,easy
Architectural,Unstable Dependency,Module 'linear_model.plot_quantile_regression' has high instability (1.00) with 5 outgoing and 0 incoming dependencies,D:\scoala\RESEARCH_CODE_SMELLS\Dataset Projects\scikit-learn\examples\linear_model\plot_quantile_regression.py,linear_model.plot_quantile_regression,,medium,,,5.0,0.0,,,,easy
Architectural,Unstable Dependency,Module 'linear_model.plot_ridge_coeffs' has high instability (1.00) with 6 outgoing and 0 incoming dependencies,D:\scoala\RESEARCH_CODE_SMELLS\Dataset Projects\scikit-learn\examples\linear_model\plot_ridge_coeffs.py,linear_model.plot_ridge_coeffs,,medium,,,6.0,0.0,,,,easy
Architectural,Unstable Dependency,Module 'linear_model.plot_robust_fit' has high instability (1.00) with 6 outgoing and 0 incoming dependencies,D:\scoala\RESEARCH_CODE_SMELLS\Dataset Projects\scikit-learn\examples\linear_model\plot_robust_fit.py,linear_model.plot_robust_fit,,medium,,,6.0,0.0,,,,easy
Architectural,Unstable Dependency,Module 'linear_model.plot_sgdocsvm_vs_ocsvm' has high instability (1.00) with 9 outgoing and 0 incoming dependencies,D:\scoala\RESEARCH_CODE_SMELLS\Dataset Projects\scikit-learn\examples\linear_model\plot_sgdocsvm_vs_ocsvm.py,linear_model.plot_sgdocsvm_vs_ocsvm,,medium,,,9.0,0.0,,,,medium
Architectural,Unstable Dependency,Module 'linear_model.plot_sgd_early_stopping' has high instability (1.00) with 11 outgoing and 0 incoming dependencies,D:\scoala\RESEARCH_CODE_SMELLS\Dataset Projects\scikit-learn\examples\linear_model\plot_sgd_early_stopping.py,linear_model.plot_sgd_early_stopping,,medium,,,11.0,0.0,,,,medium
Architectural,Unstable Dependency,Module 'linear_model.plot_sgd_iris' has high instability (1.00) with 5 outgoing and 0 incoming dependencies,D:\scoala\RESEARCH_CODE_SMELLS\Dataset Projects\scikit-learn\examples\linear_model\plot_sgd_iris.py,linear_model.plot_sgd_iris,,medium,,,5.0,0.0,,,,easy
Architectural,Unstable Dependency,Module 'linear_model.plot_sparse_logistic_regression_20newsgroups' has high instability (1.00) with 9 outgoing and 0 incoming dependencies,D:\scoala\RESEARCH_CODE_SMELLS\Dataset Projects\scikit-learn\examples\linear_model\plot_sparse_logistic_regression_20newsgroups.py,linear_model.plot_sparse_logistic_regression_20newsgroups,,medium,,,9.0,0.0,,,,medium
Architectural,Unstable Dependency,Module 'linear_model.plot_sparse_logistic_regression_mnist' has high instability (1.00) with 8 outgoing and 0 incoming dependencies,D:\scoala\RESEARCH_CODE_SMELLS\Dataset Projects\scikit-learn\examples\linear_model\plot_sparse_logistic_regression_mnist.py,linear_model.plot_sparse_logistic_regression_mnist,,medium,,,8.0,0.0,,,,easy
Architectural,Unstable Dependency,Module 'linear_model.plot_tweedie_regression_insurance_claims' has high instability (1.00) with 12 outgoing and 0 incoming dependencies,D:\scoala\RESEARCH_CODE_SMELLS\Dataset Projects\scikit-learn\examples\linear_model\plot_tweedie_regression_insurance_claims.py,linear_model.plot_tweedie_regression_insurance_claims,,medium,,,12.0,0.0,,,,medium
Architectural,Unstable Dependency,Module 'manifold.plot_lle_digits' has high instability (1.00) with 13 outgoing and 0 incoming dependencies,D:\scoala\RESEARCH_CODE_SMELLS\Dataset Projects\scikit-learn\examples\manifold\plot_lle_digits.py,manifold.plot_lle_digits,,medium,,,13.0,0.0,,,,medium
Architectural,Unstable Dependency,Module 'manifold.plot_manifold_sphere' has high instability (1.00) with 7 outgoing and 0 incoming dependencies,D:\scoala\RESEARCH_CODE_SMELLS\Dataset Projects\scikit-learn\examples\manifold\plot_manifold_sphere.py,manifold.plot_manifold_sphere,,medium,,,7.0,0.0,,,,easy
Architectural,Unstable Dependency,Module 'manifold.plot_mds' has high instability (1.00) with 6 outgoing and 0 incoming dependencies,D:\scoala\RESEARCH_CODE_SMELLS\Dataset Projects\scikit-learn\examples\manifold\plot_mds.py,manifold.plot_mds,,medium,,,6.0,0.0,,,,easy
Architectural,Unstable Dependency,Module 'manifold.plot_t_sne_perplexity' has high instability (1.00) with 5 outgoing and 0 incoming dependencies,D:\scoala\RESEARCH_CODE_SMELLS\Dataset Projects\scikit-learn\examples\manifold\plot_t_sne_perplexity.py,manifold.plot_t_sne_perplexity,,medium,,,5.0,0.0,,,,easy
Architectural,Unstable Dependency,Module 'miscellaneous.plot_anomaly_comparison' has high instability (1.00) with 12 outgoing and 0 incoming dependencies,D:\scoala\RESEARCH_CODE_SMELLS\Dataset Projects\scikit-learn\examples\miscellaneous\plot_anomaly_comparison.py,miscellaneous.plot_anomaly_comparison,,medium,,,12.0,0.0,,,,medium
Architectural,Unstable Dependency,Module 'miscellaneous.plot_display_object_visualization' has high instability (1.00) with 7 outgoing and 0 incoming dependencies,D:\scoala\RESEARCH_CODE_SMELLS\Dataset Projects\scikit-learn\examples\miscellaneous\plot_display_object_visualization.py,miscellaneous.plot_display_object_visualization,,medium,,,7.0,0.0,,,,easy
Architectural,Unstable Dependency,Module 'miscellaneous.plot_estimator_representation' has high instability (1.00) with 5 outgoing and 0 incoming dependencies,D:\scoala\RESEARCH_CODE_SMELLS\Dataset Projects\scikit-learn\examples\miscellaneous\plot_estimator_representation.py,miscellaneous.plot_estimator_representation,,medium,,,5.0,0.0,,,,easy
Architectural,Unstable Dependency,Module 'miscellaneous.plot_isotonic_regression' has high instability (1.00) with 6 outgoing and 0 incoming dependencies,D:\scoala\RESEARCH_CODE_SMELLS\Dataset Projects\scikit-learn\examples\miscellaneous\plot_isotonic_regression.py,miscellaneous.plot_isotonic_regression,,medium,,,6.0,0.0,,,,easy
Architectural,Unstable Dependency,Module 'miscellaneous.plot_johnson_lindenstrauss_bound' has high instability (1.00) with 7 outgoing and 0 incoming dependencies,D:\scoala\RESEARCH_CODE_SMELLS\Dataset Projects\scikit-learn\examples\miscellaneous\plot_johnson_lindenstrauss_bound.py,miscellaneous.plot_johnson_lindenstrauss_bound,,medium,,,7.0,0.0,,,,easy
Architectural,Unstable Dependency,Module 'miscellaneous.plot_kernel_approximation' has high instability (1.00) with 6 outgoing and 0 incoming dependencies,D:\scoala\RESEARCH_CODE_SMELLS\Dataset Projects\scikit-learn\examples\miscellaneous\plot_kernel_approximation.py,miscellaneous.plot_kernel_approximation,,medium,,,6.0,0.0,,,,easy
Architectural,Unstable Dependency,Module 'miscellaneous.plot_kernel_ridge_regression' has high instability (1.00) with 6 outgoing and 0 incoming dependencies,D:\scoala\RESEARCH_CODE_SMELLS\Dataset Projects\scikit-learn\examples\miscellaneous\plot_kernel_ridge_regression.py,miscellaneous.plot_kernel_ridge_regression,,medium,,,6.0,0.0,,,,easy
Architectural,Unstable Dependency,Module 'miscellaneous.plot_metadata_routing' has high instability (1.00) with 9 outgoing and 0 incoming dependencies,D:\scoala\RESEARCH_CODE_SMELLS\Dataset Projects\scikit-learn\examples\miscellaneous\plot_metadata_routing.py,miscellaneous.plot_metadata_routing,,medium,,,9.0,0.0,,,,medium
Architectural,Unstable Dependency,Module 'miscellaneous.plot_multilabel' has high instability (1.00) with 7 outgoing and 0 incoming dependencies,D:\scoala\RESEARCH_CODE_SMELLS\Dataset Projects\scikit-learn\examples\miscellaneous\plot_multilabel.py,miscellaneous.plot_multilabel,,medium,,,7.0,0.0,,,,easy
Architectural,Unstable Dependency,Module 'miscellaneous.plot_multioutput_face_completion' has high instability (1.00) with 7 outgoing and 0 incoming dependencies,D:\scoala\RESEARCH_CODE_SMELLS\Dataset Projects\scikit-learn\examples\miscellaneous\plot_multioutput_face_completion.py,miscellaneous.plot_multioutput_face_completion,,medium,,,7.0,0.0,,,,easy
Architectural,Unstable Dependency,Module 'miscellaneous.plot_outlier_detection_bench' has high instability (1.00) with 12 outgoing and 0 incoming dependencies,D:\scoala\RESEARCH_CODE_SMELLS\Dataset Projects\scikit-learn\examples\miscellaneous\plot_outlier_detection_bench.py,miscellaneous.plot_outlier_detection_bench,,medium,,,12.0,0.0,,,,medium
Architectural,Unstable Dependency,Module 'miscellaneous.plot_partial_dependence_visualization_api' has high instability (1.00) with 8 outgoing and 0 incoming dependencies,D:\scoala\RESEARCH_CODE_SMELLS\Dataset Projects\scikit-learn\examples\miscellaneous\plot_partial_dependence_visualization_api.py,miscellaneous.plot_partial_dependence_visualization_api,,medium,,,8.0,0.0,,,,easy
Architectural,Unstable Dependency,Module 'miscellaneous.plot_pipeline_display' has high instability (1.00) with 11 outgoing and 0 incoming dependencies,D:\scoala\RESEARCH_CODE_SMELLS\Dataset Projects\scikit-learn\examples\miscellaneous\plot_pipeline_display.py,miscellaneous.plot_pipeline_display,,medium,,,11.0,0.0,,,,medium
Architectural,Unstable Dependency,Module 'miscellaneous.plot_roc_curve_visualization_api' has high instability (1.00) with 6 outgoing and 0 incoming dependencies,D:\scoala\RESEARCH_CODE_SMELLS\Dataset Projects\scikit-learn\examples\miscellaneous\plot_roc_curve_visualization_api.py,miscellaneous.plot_roc_curve_visualization_api,,medium,,,6.0,0.0,,,,easy
Architectural,Unstable Dependency,Module 'miscellaneous.plot_set_output' has high instability (1.00) with 10 outgoing and 0 incoming dependencies,D:\scoala\RESEARCH_CODE_SMELLS\Dataset Projects\scikit-learn\examples\miscellaneous\plot_set_output.py,miscellaneous.plot_set_output,,medium,,,10.0,0.0,,,,medium
Architectural,Unstable Dependency,Module 'mixture.plot_concentration_prior' has high instability (1.00) with 5 outgoing and 0 incoming dependencies,D:\scoala\RESEARCH_CODE_SMELLS\Dataset Projects\scikit-learn\examples\mixture\plot_concentration_prior.py,mixture.plot_concentration_prior,,medium,,,5.0,0.0,,,,easy
Architectural,Unstable Dependency,Module 'mixture.plot_gmm' has high instability (1.00) with 6 outgoing and 0 incoming dependencies,D:\scoala\RESEARCH_CODE_SMELLS\Dataset Projects\scikit-learn\examples\mixture\plot_gmm.py,mixture.plot_gmm,,medium,,,6.0,0.0,,,,easy
Architectural,Unstable Dependency,Module 'mixture.plot_gmm_covariances' has high instability (1.00) with 6 outgoing and 0 incoming dependencies,D:\scoala\RESEARCH_CODE_SMELLS\Dataset Projects\scikit-learn\examples\mixture\plot_gmm_covariances.py,mixture.plot_gmm_covariances,,medium,,,6.0,0.0,,,,easy
Architectural,Unstable Dependency,Module 'mixture.plot_gmm_init' has high instability (1.00) with 6 outgoing and 0 incoming dependencies,D:\scoala\RESEARCH_CODE_SMELLS\Dataset Projects\scikit-learn\examples\mixture\plot_gmm_init.py,mixture.plot_gmm_init,,medium,,,6.0,0.0,,,,easy
Architectural,Unstable Dependency,Module 'mixture.plot_gmm_selection' has high instability (1.00) with 8 outgoing and 0 incoming dependencies,D:\scoala\RESEARCH_CODE_SMELLS\Dataset Projects\scikit-learn\examples\mixture\plot_gmm_selection.py,mixture.plot_gmm_selection,,medium,,,8.0,0.0,,,,easy
Architectural,Unstable Dependency,Module 'mixture.plot_gmm_sin' has high instability (1.00) with 6 outgoing and 0 incoming dependencies,D:\scoala\RESEARCH_CODE_SMELLS\Dataset Projects\scikit-learn\examples\mixture\plot_gmm_sin.py,mixture.plot_gmm_sin,,medium,,,6.0,0.0,,,,easy
Architectural,Unstable Dependency,Module 'model_selection.plot_confusion_matrix' has high instability (1.00) with 5 outgoing and 0 incoming dependencies,D:\scoala\RESEARCH_CODE_SMELLS\Dataset Projects\scikit-learn\examples\model_selection\plot_confusion_matrix.py,model_selection.plot_confusion_matrix,,medium,,,5.0,0.0,,,,easy
Architectural,Unstable Dependency,Module 'model_selection.plot_cost_sensitive_learning' has high instability (1.00) with 12 outgoing and 0 incoming dependencies,D:\scoala\RESEARCH_CODE_SMELLS\Dataset Projects\scikit-learn\examples\model_selection\plot_cost_sensitive_learning.py,model_selection.plot_cost_sensitive_learning,,medium,,,12.0,0.0,,,,medium
Architectural,Unstable Dependency,Module 'model_selection.plot_cv_predict' has high instability (1.00) with 5 outgoing and 0 incoming dependencies,D:\scoala\RESEARCH_CODE_SMELLS\Dataset Projects\scikit-learn\examples\model_selection\plot_cv_predict.py,model_selection.plot_cv_predict,,medium,,,5.0,0.0,,,,easy
Architectural,Unstable Dependency,Module 'model_selection.plot_det' has high instability (1.00) with 9 outgoing and 0 incoming dependencies,D:\scoala\RESEARCH_CODE_SMELLS\Dataset Projects\scikit-learn\examples\model_selection\plot_det.py,model_selection.plot_det,,medium,,,9.0,0.0,,,,medium
Architectural,Unstable Dependency,Module 'model_selection.plot_grid_search_digits' has high instability (1.00) with 5 outgoing and 0 incoming dependencies,D:\scoala\RESEARCH_CODE_SMELLS\Dataset Projects\scikit-learn\examples\model_selection\plot_grid_search_digits.py,model_selection.plot_grid_search_digits,,medium,,,5.0,0.0,,,,easy
Architectural,Unstable Dependency,Module 'model_selection.plot_grid_search_refit_callable' has high instability (1.00) with 8 outgoing and 0 incoming dependencies,D:\scoala\RESEARCH_CODE_SMELLS\Dataset Projects\scikit-learn\examples\model_selection\plot_grid_search_refit_callable.py,model_selection.plot_grid_search_refit_callable,,medium,,,8.0,0.0,,,,easy
Architectural,Unstable Dependency,Module 'model_selection.plot_grid_search_stats' has high instability (1.00) with 10 outgoing and 0 incoming dependencies,D:\scoala\RESEARCH_CODE_SMELLS\Dataset Projects\scikit-learn\examples\model_selection\plot_grid_search_stats.py,model_selection.plot_grid_search_stats,,medium,,,10.0,0.0,,,,medium
Architectural,Unstable Dependency,Module 'model_selection.plot_grid_search_text_feature_extraction' has high instability (1.00) with 11 outgoing and 0 incoming dependencies,D:\scoala\RESEARCH_CODE_SMELLS\Dataset Projects\scikit-learn\examples\model_selection\plot_grid_search_text_feature_extraction.py,model_selection.plot_grid_search_text_feature_extraction,,medium,,,11.0,0.0,,,,medium
Architectural,Unstable Dependency,Module 'model_selection.plot_learning_curve' has high instability (1.00) with 6 outgoing and 0 incoming dependencies,D:\scoala\RESEARCH_CODE_SMELLS\Dataset Projects\scikit-learn\examples\model_selection\plot_learning_curve.py,model_selection.plot_learning_curve,,medium,,,6.0,0.0,,,,easy
Architectural,Unstable Dependency,Module 'model_selection.plot_likelihood_ratios' has high instability (1.00) with 10 outgoing and 0 incoming dependencies,D:\scoala\RESEARCH_CODE_SMELLS\Dataset Projects\scikit-learn\examples\model_selection\plot_likelihood_ratios.py,model_selection.plot_likelihood_ratios,,medium,,,10.0,0.0,,,,medium
Architectural,Unstable Dependency,Module 'model_selection.plot_multi_metric_evaluation' has high instability (1.00) with 6 outgoing and 0 incoming dependencies,D:\scoala\RESEARCH_CODE_SMELLS\Dataset Projects\scikit-learn\examples\model_selection\plot_multi_metric_evaluation.py,model_selection.plot_multi_metric_evaluation,,medium,,,6.0,0.0,,,,easy
Architectural,Unstable Dependency,Module 'model_selection.plot_nested_cross_validation_iris' has high instability (1.00) with 5 outgoing and 0 incoming dependencies,D:\scoala\RESEARCH_CODE_SMELLS\Dataset Projects\scikit-learn\examples\model_selection\plot_nested_cross_validation_iris.py,model_selection.plot_nested_cross_validation_iris,,medium,,,5.0,0.0,,,,easy
Architectural,Unstable Dependency,Module 'model_selection.plot_precision_recall' has high instability (1.00) with 11 outgoing and 0 incoming dependencies,D:\scoala\RESEARCH_CODE_SMELLS\Dataset Projects\scikit-learn\examples\model_selection\plot_precision_recall.py,model_selection.plot_precision_recall,,medium,,,11.0,0.0,,,,medium
Architectural,Unstable Dependency,Module 'model_selection.plot_randomized_search' has high instability (1.00) with 6 outgoing and 0 incoming dependencies,D:\scoala\RESEARCH_CODE_SMELLS\Dataset Projects\scikit-learn\examples\model_selection\plot_randomized_search.py,model_selection.plot_randomized_search,,medium,,,6.0,0.0,,,,easy
Architectural,Unstable Dependency,Module 'model_selection.plot_roc' has high instability (1.00) with 8 outgoing and 0 incoming dependencies,D:\scoala\RESEARCH_CODE_SMELLS\Dataset Projects\scikit-learn\examples\model_selection\plot_roc.py,model_selection.plot_roc,,medium,,,8.0,0.0,,,,easy
Architectural,Unstable Dependency,Module 'model_selection.plot_roc_crossval' has high instability (1.00) with 6 outgoing and 0 incoming dependencies,D:\scoala\RESEARCH_CODE_SMELLS\Dataset Projects\scikit-learn\examples\model_selection\plot_roc_crossval.py,model_selection.plot_roc_crossval,,medium,,,6.0,0.0,,,,easy
Architectural,Unstable Dependency,Module 'model_selection.plot_successive_halving_heatmap' has high instability (1.00) with 8 outgoing and 0 incoming dependencies,D:\scoala\RESEARCH_CODE_SMELLS\Dataset Projects\scikit-learn\examples\model_selection\plot_successive_halving_heatmap.py,model_selection.plot_successive_halving_heatmap,,medium,,,8.0,0.0,,,,easy
Architectural,Unstable Dependency,Module 'model_selection.plot_successive_halving_iterations' has high instability (1.00) with 8 outgoing and 0 incoming dependencies,D:\scoala\RESEARCH_CODE_SMELLS\Dataset Projects\scikit-learn\examples\model_selection\plot_successive_halving_iterations.py,model_selection.plot_successive_halving_iterations,,medium,,,8.0,0.0,,,,easy
Architectural,Unstable Dependency,Module 'model_selection.plot_tuned_decision_threshold' has high instability (1.00) with 7 outgoing and 0 incoming dependencies,D:\scoala\RESEARCH_CODE_SMELLS\Dataset Projects\scikit-learn\examples\model_selection\plot_tuned_decision_threshold.py,model_selection.plot_tuned_decision_threshold,,medium,,,7.0,0.0,,,,easy
Architectural,Unstable Dependency,Module 'model_selection.plot_underfitting_overfitting' has high instability (1.00) with 6 outgoing and 0 incoming dependencies,D:\scoala\RESEARCH_CODE_SMELLS\Dataset Projects\scikit-learn\examples\model_selection\plot_underfitting_overfitting.py,model_selection.plot_underfitting_overfitting,,medium,,,6.0,0.0,,,,easy
Architectural,Unstable Dependency,Module 'multiclass.plot_multiclass_overview' has high instability (1.00) with 6 outgoing and 0 incoming dependencies,D:\scoala\RESEARCH_CODE_SMELLS\Dataset Projects\scikit-learn\examples\multiclass\plot_multiclass_overview.py,multiclass.plot_multiclass_overview,,medium,,,6.0,0.0,,,,easy
Architectural,Unstable Dependency,Module 'multioutput.plot_classifier_chain_yeast' has high instability (1.00) with 8 outgoing and 0 incoming dependencies,D:\scoala\RESEARCH_CODE_SMELLS\Dataset Projects\scikit-learn\examples\multioutput\plot_classifier_chain_yeast.py,multioutput.plot_classifier_chain_yeast,,medium,,,8.0,0.0,,,,easy
Architectural,Unstable Dependency,Module 'neighbors.approximate_nearest_neighbors' has high instability (1.00) with 15 outgoing and 0 incoming dependencies,D:\scoala\RESEARCH_CODE_SMELLS\Dataset Projects\scikit-learn\examples\neighbors\approximate_nearest_neighbors.py,neighbors.approximate_nearest_neighbors,,medium,,,15.0,0.0,,,,medium
Architectural,Unstable Dependency,Module 'neighbors.plot_caching_nearest_neighbors' has high instability (1.00) with 6 outgoing and 0 incoming dependencies,D:\scoala\RESEARCH_CODE_SMELLS\Dataset Projects\scikit-learn\examples\neighbors\plot_caching_nearest_neighbors.py,neighbors.plot_caching_nearest_neighbors,,medium,,,6.0,0.0,,,,easy
Architectural,Unstable Dependency,Module 'neighbors.plot_classification' has high instability (1.00) with 7 outgoing and 0 incoming dependencies,D:\scoala\RESEARCH_CODE_SMELLS\Dataset Projects\scikit-learn\examples\neighbors\plot_classification.py,neighbors.plot_classification,,medium,,,7.0,0.0,,,,easy
Architectural,Unstable Dependency,Module 'neighbors.plot_digits_kde_sampling' has high instability (1.00) with 6 outgoing and 0 incoming dependencies,D:\scoala\RESEARCH_CODE_SMELLS\Dataset Projects\scikit-learn\examples\neighbors\plot_digits_kde_sampling.py,neighbors.plot_digits_kde_sampling,,medium,,,6.0,0.0,,,,easy
Architectural,Unstable Dependency,Module 'neighbors.plot_lof_novelty_detection' has high instability (1.00) with 5 outgoing and 0 incoming dependencies,D:\scoala\RESEARCH_CODE_SMELLS\Dataset Projects\scikit-learn\examples\neighbors\plot_lof_novelty_detection.py,neighbors.plot_lof_novelty_detection,,medium,,,5.0,0.0,,,,easy
Architectural,Unstable Dependency,Module 'neighbors.plot_nca_classification' has high instability (1.00) with 8 outgoing and 0 incoming dependencies,D:\scoala\RESEARCH_CODE_SMELLS\Dataset Projects\scikit-learn\examples\neighbors\plot_nca_classification.py,neighbors.plot_nca_classification,,medium,,,8.0,0.0,,,,easy
Architectural,Unstable Dependency,Module 'neighbors.plot_nca_dim_reduction' has high instability (1.00) with 9 outgoing and 0 incoming dependencies,D:\scoala\RESEARCH_CODE_SMELLS\Dataset Projects\scikit-learn\examples\neighbors\plot_nca_dim_reduction.py,neighbors.plot_nca_dim_reduction,,medium,,,9.0,0.0,,,,medium
Architectural,Unstable Dependency,Module 'neighbors.plot_nca_illustration' has high instability (1.00) with 6 outgoing and 0 incoming dependencies,D:\scoala\RESEARCH_CODE_SMELLS\Dataset Projects\scikit-learn\examples\neighbors\plot_nca_illustration.py,neighbors.plot_nca_illustration,,medium,,,6.0,0.0,,,,easy
Architectural,Unstable Dependency,Module 'neighbors.plot_nearest_centroid' has high instability (1.00) with 6 outgoing and 0 incoming dependencies,D:\scoala\RESEARCH_CODE_SMELLS\Dataset Projects\scikit-learn\examples\neighbors\plot_nearest_centroid.py,neighbors.plot_nearest_centroid,,medium,,,6.0,0.0,,,,easy
Architectural,Unstable Dependency,Module 'neighbors.plot_species_kde' has high instability (1.00) with 5 outgoing and 0 incoming dependencies,D:\scoala\RESEARCH_CODE_SMELLS\Dataset Projects\scikit-learn\examples\neighbors\plot_species_kde.py,neighbors.plot_species_kde,,medium,,,5.0,0.0,,,,easy
Architectural,Unstable Dependency,Module 'neural_networks.plot_mlp_alpha' has high instability (1.00) with 8 outgoing and 0 incoming dependencies,D:\scoala\RESEARCH_CODE_SMELLS\Dataset Projects\scikit-learn\examples\neural_networks\plot_mlp_alpha.py,neural_networks.plot_mlp_alpha,,medium,,,8.0,0.0,,,,easy
Architectural,Unstable Dependency,Module 'neural_networks.plot_mlp_training_curves' has high instability (1.00) with 6 outgoing and 0 incoming dependencies,D:\scoala\RESEARCH_CODE_SMELLS\Dataset Projects\scikit-learn\examples\neural_networks\plot_mlp_training_curves.py,neural_networks.plot_mlp_training_curves,,medium,,,6.0,0.0,,,,easy
Architectural,Unstable Dependency,Module 'neural_networks.plot_mnist_filters' has high instability (1.00) with 6 outgoing and 0 incoming dependencies,D:\scoala\RESEARCH_CODE_SMELLS\Dataset Projects\scikit-learn\examples\neural_networks\plot_mnist_filters.py,neural_networks.plot_mnist_filters,,medium,,,6.0,0.0,,,,easy
Architectural,Unstable Dependency,Module 'neural_networks.plot_rbm_logistic_classification' has high instability (1.00) with 9 outgoing and 0 incoming dependencies,D:\scoala\RESEARCH_CODE_SMELLS\Dataset Projects\scikit-learn\examples\neural_networks\plot_rbm_logistic_classification.py,neural_networks.plot_rbm_logistic_classification,,medium,,,9.0,0.0,,,,medium
Architectural,Unstable Dependency,Module 'preprocessing.plot_discretization' has high instability (1.00) with 5 outgoing and 0 incoming dependencies,D:\scoala\RESEARCH_CODE_SMELLS\Dataset Projects\scikit-learn\examples\preprocessing\plot_discretization.py,preprocessing.plot_discretization,,medium,,,5.0,0.0,,,,easy
Architectural,Unstable Dependency,Module 'preprocessing.plot_discretization_classification' has high instability (1.00) with 12 outgoing and 0 incoming dependencies,D:\scoala\RESEARCH_CODE_SMELLS\Dataset Projects\scikit-learn\examples\preprocessing\plot_discretization_classification.py,preprocessing.plot_discretization_classification,,medium,,,12.0,0.0,,,,medium
Architectural,Unstable Dependency,Module 'preprocessing.plot_scaling_importance' has high instability (1.00) with 12 outgoing and 0 incoming dependencies,D:\scoala\RESEARCH_CODE_SMELLS\Dataset Projects\scikit-learn\examples\preprocessing\plot_scaling_importance.py,preprocessing.plot_scaling_importance,,medium,,,12.0,0.0,,,,medium
Architectural,Unstable Dependency,Module 'preprocessing.plot_target_encoder' has high instability (1.00) with 8 outgoing and 0 incoming dependencies,D:\scoala\RESEARCH_CODE_SMELLS\Dataset Projects\scikit-learn\examples\preprocessing\plot_target_encoder.py,preprocessing.plot_target_encoder,,medium,,,8.0,0.0,,,,easy
Architectural,Unstable Dependency,Module 'preprocessing.plot_target_encoder_cross_val' has high instability (1.00) with 8 outgoing and 0 incoming dependencies,D:\scoala\RESEARCH_CODE_SMELLS\Dataset Projects\scikit-learn\examples\preprocessing\plot_target_encoder_cross_val.py,preprocessing.plot_target_encoder_cross_val,,medium,,,8.0,0.0,,,,easy
Architectural,Unstable Dependency,Module 'release_highlights.plot_release_highlights_0_22_0' has high instability (1.00) with 19 outgoing and 0 incoming dependencies,D:\scoala\RESEARCH_CODE_SMELLS\Dataset Projects\scikit-learn\examples\release_highlights\plot_release_highlights_0_22_0.py,release_highlights.plot_release_highlights_0_22_0,,medium,,,19.0,0.0,,,,medium
Architectural,Unstable Dependency,Module 'release_highlights.plot_release_highlights_0_23_0' has high instability (1.00) with 15 outgoing and 0 incoming dependencies,D:\scoala\RESEARCH_CODE_SMELLS\Dataset Projects\scikit-learn\examples\release_highlights\plot_release_highlights_0_23_0.py,release_highlights.plot_release_highlights_0_23_0,,medium,,,15.0,0.0,,,,medium
Architectural,Unstable Dependency,Module 'release_highlights.plot_release_highlights_0_24_0' has high instability (1.00) with 17 outgoing and 0 incoming dependencies,D:\scoala\RESEARCH_CODE_SMELLS\Dataset Projects\scikit-learn\examples\release_highlights\plot_release_highlights_0_24_0.py,release_highlights.plot_release_highlights_0_24_0,,medium,,,17.0,0.0,,,,medium
Architectural,Unstable Dependency,Module 'release_highlights.plot_release_highlights_1_0_0' has high instability (1.00) with 6 outgoing and 0 incoming dependencies,D:\scoala\RESEARCH_CODE_SMELLS\Dataset Projects\scikit-learn\examples\release_highlights\plot_release_highlights_1_0_0.py,release_highlights.plot_release_highlights_1_0_0,,medium,,,6.0,0.0,,,,easy
Architectural,Unstable Dependency,Module 'release_highlights.plot_release_highlights_1_1_0' has high instability (1.00) with 13 outgoing and 0 incoming dependencies,D:\scoala\RESEARCH_CODE_SMELLS\Dataset Projects\scikit-learn\examples\release_highlights\plot_release_highlights_1_1_0.py,release_highlights.plot_release_highlights_1_1_0,,medium,,,13.0,0.0,,,,medium
Architectural,Unstable Dependency,Module 'release_highlights.plot_release_highlights_1_2_0' has high instability (1.00) with 10 outgoing and 0 incoming dependencies,D:\scoala\RESEARCH_CODE_SMELLS\Dataset Projects\scikit-learn\examples\release_highlights\plot_release_highlights_1_2_0.py,release_highlights.plot_release_highlights_1_2_0,,medium,,,10.0,0.0,,,,medium
Architectural,Unstable Dependency,Module 'release_highlights.plot_release_highlights_1_3_0' has high instability (1.00) with 9 outgoing and 0 incoming dependencies,D:\scoala\RESEARCH_CODE_SMELLS\Dataset Projects\scikit-learn\examples\release_highlights\plot_release_highlights_1_3_0.py,release_highlights.plot_release_highlights_1_3_0,,medium,,,9.0,0.0,,,,medium
Architectural,Unstable Dependency,Module 'release_highlights.plot_release_highlights_1_4_0' has high instability (1.00) with 16 outgoing and 0 incoming dependencies,D:\scoala\RESEARCH_CODE_SMELLS\Dataset Projects\scikit-learn\examples\release_highlights\plot_release_highlights_1_4_0.py,release_highlights.plot_release_highlights_1_4_0,,medium,,,16.0,0.0,,,,medium
Architectural,Unstable Dependency,Module 'release_highlights.plot_release_highlights_1_5_0' has high instability (1.00) with 10 outgoing and 0 incoming dependencies,D:\scoala\RESEARCH_CODE_SMELLS\Dataset Projects\scikit-learn\examples\release_highlights\plot_release_highlights_1_5_0.py,release_highlights.plot_release_highlights_1_5_0,,medium,,,10.0,0.0,,,,medium
Architectural,Unstable Dependency,Module 'release_highlights.plot_release_highlights_1_6_0' has high instability (1.00) with 7 outgoing and 0 incoming dependencies,D:\scoala\RESEARCH_CODE_SMELLS\Dataset Projects\scikit-learn\examples\release_highlights\plot_release_highlights_1_6_0.py,release_highlights.plot_release_highlights_1_6_0,,medium,,,7.0,0.0,,,,easy
Architectural,Unstable Dependency,Module 'release_highlights.plot_release_highlights_1_7_0' has high instability (1.00) with 8 outgoing and 0 incoming dependencies,D:\scoala\RESEARCH_CODE_SMELLS\Dataset Projects\scikit-learn\examples\release_highlights\plot_release_highlights_1_7_0.py,release_highlights.plot_release_highlights_1_7_0,,medium,,,8.0,0.0,,,,easy
Architectural,Unstable Dependency,Module 'semi_supervised.plot_label_propagation_digits' has high instability (1.00) with 6 outgoing and 0 incoming dependencies,D:\scoala\RESEARCH_CODE_SMELLS\Dataset Projects\scikit-learn\examples\semi_supervised\plot_label_propagation_digits.py,semi_supervised.plot_label_propagation_digits,,medium,,,6.0,0.0,,,,easy
Architectural,Unstable Dependency,Module 'semi_supervised.plot_label_propagation_digits_active_learning' has high instability (1.00) with 6 outgoing and 0 incoming dependencies,D:\scoala\RESEARCH_CODE_SMELLS\Dataset Projects\scikit-learn\examples\semi_supervised\plot_label_propagation_digits_active_learning.py,semi_supervised.plot_label_propagation_digits_active_learning,,medium,,,6.0,0.0,,,,easy
Architectural,Unstable Dependency,Module 'semi_supervised.plot_self_training_varying_threshold' has high instability (1.00) with 8 outgoing and 0 incoming dependencies,D:\scoala\RESEARCH_CODE_SMELLS\Dataset Projects\scikit-learn\examples\semi_supervised\plot_self_training_varying_threshold.py,semi_supervised.plot_self_training_varying_threshold,,medium,,,8.0,0.0,,,,easy
Architectural,Unstable Dependency,Module 'semi_supervised.plot_semi_supervised_newsgroups' has high instability (1.00) with 9 outgoing and 0 incoming dependencies,D:\scoala\RESEARCH_CODE_SMELLS\Dataset Projects\scikit-learn\examples\semi_supervised\plot_semi_supervised_newsgroups.py,semi_supervised.plot_semi_supervised_newsgroups,,medium,,,9.0,0.0,,,,medium
Architectural,Unstable Dependency,Module 'semi_supervised.plot_semi_supervised_versus_svm_iris' has high instability (1.00) with 5 outgoing and 0 incoming dependencies,D:\scoala\RESEARCH_CODE_SMELLS\Dataset Projects\scikit-learn\examples\semi_supervised\plot_semi_supervised_versus_svm_iris.py,semi_supervised.plot_semi_supervised_versus_svm_iris,,medium,,,5.0,0.0,,,,easy
Architectural,Unstable Dependency,Module 'svm.plot_linearsvc_support_vectors' has high instability (1.00) with 5 outgoing and 0 incoming dependencies,D:\scoala\RESEARCH_CODE_SMELLS\Dataset Projects\scikit-learn\examples\svm\plot_linearsvc_support_vectors.py,svm.plot_linearsvc_support_vectors,,medium,,,5.0,0.0,,,,easy
Architectural,Unstable Dependency,Module 'svm.plot_oneclass' has high instability (1.00) with 6 outgoing and 0 incoming dependencies,D:\scoala\RESEARCH_CODE_SMELLS\Dataset Projects\scikit-learn\examples\svm\plot_oneclass.py,svm.plot_oneclass,,medium,,,6.0,0.0,,,,easy
Architectural,Unstable Dependency,Module 'svm.plot_rbf_parameters' has high instability (1.00) with 7 outgoing and 0 incoming dependencies,D:\scoala\RESEARCH_CODE_SMELLS\Dataset Projects\scikit-learn\examples\svm\plot_rbf_parameters.py,svm.plot_rbf_parameters,,medium,,,7.0,0.0,,,,easy
Architectural,Unstable Dependency,Module 'svm.plot_separating_hyperplane_unbalanced' has high instability (1.00) with 5 outgoing and 0 incoming dependencies,D:\scoala\RESEARCH_CODE_SMELLS\Dataset Projects\scikit-learn\examples\svm\plot_separating_hyperplane_unbalanced.py,svm.plot_separating_hyperplane_unbalanced,,medium,,,5.0,0.0,,,,easy
Architectural,Unstable Dependency,Module 'svm.plot_svm_anova' has high instability (1.00) with 8 outgoing and 0 incoming dependencies,D:\scoala\RESEARCH_CODE_SMELLS\Dataset Projects\scikit-learn\examples\svm\plot_svm_anova.py,svm.plot_svm_anova,,medium,,,8.0,0.0,,,,easy
Architectural,Unstable Dependency,Module 'svm.plot_svm_scale_c' has high instability (1.00) with 6 outgoing and 0 incoming dependencies,D:\scoala\RESEARCH_CODE_SMELLS\Dataset Projects\scikit-learn\examples\svm\plot_svm_scale_c.py,svm.plot_svm_scale_c,,medium,,,6.0,0.0,,,,easy
Architectural,Unstable Dependency,Module 'svm.plot_weighted_samples' has high instability (1.00) with 5 outgoing and 0 incoming dependencies,D:\scoala\RESEARCH_CODE_SMELLS\Dataset Projects\scikit-learn\examples\svm\plot_weighted_samples.py,svm.plot_weighted_samples,,medium,,,5.0,0.0,,,,easy
Architectural,Unstable Dependency,Module 'text.plot_document_classification_20newsgroups' has high instability (1.00) with 14 outgoing and 0 incoming dependencies,D:\scoala\RESEARCH_CODE_SMELLS\Dataset Projects\scikit-learn\examples\text\plot_document_classification_20newsgroups.py,text.plot_document_classification_20newsgroups,,medium,,,14.0,0.0,,,,medium
Architectural,Unstable Dependency,Module 'text.plot_document_clustering' has high instability (1.00) with 12 outgoing and 0 incoming dependencies,D:\scoala\RESEARCH_CODE_SMELLS\Dataset Projects\scikit-learn\examples\text\plot_document_clustering.py,text.plot_document_clustering,,medium,,,12.0,0.0,,,,medium
Architectural,Unstable Dependency,Module 'text.plot_hashing_vs_dict_vectorizer' has high instability (1.00) with 8 outgoing and 0 incoming dependencies,D:\scoala\RESEARCH_CODE_SMELLS\Dataset Projects\scikit-learn\examples\text\plot_hashing_vs_dict_vectorizer.py,text.plot_hashing_vs_dict_vectorizer,,medium,,,8.0,0.0,,,,easy
Architectural,Unstable Dependency,Module 'tree.plot_iris_dtc' has high instability (1.00) with 5 outgoing and 0 incoming dependencies,D:\scoala\RESEARCH_CODE_SMELLS\Dataset Projects\scikit-learn\examples\tree\plot_iris_dtc.py,tree.plot_iris_dtc,,medium,,,5.0,0.0,,,,easy
Architectural,Unstable Dependency,Module 'tree.plot_unveil_tree_structure' has high instability (1.00) with 6 outgoing and 0 incoming dependencies,D:\scoala\RESEARCH_CODE_SMELLS\Dataset Projects\scikit-learn\examples\tree\plot_unveil_tree_structure.py,tree.plot_unveil_tree_structure,,medium,,,6.0,0.0,,,,easy
Architectural,Unstable Dependency,Module 'maint_tools.bump-dependencies-versions' has high instability (1.00) with 8 outgoing and 0 incoming dependencies,D:\scoala\RESEARCH_CODE_SMELLS\Dataset Projects\scikit-learn\maint_tools\bump-dependencies-versions.py,maint_tools.bump-dependencies-versions,,medium,,,8.0,0.0,,,,easy
Architectural,Unstable Dependency,Module 'cluster._affinity_propagation' has high instability (0.91) with 10 outgoing and 1 incoming dependencies,D:\scoala\RESEARCH_CODE_SMELLS\Dataset Projects\scikit-learn\sklearn\cluster\_affinity_propagation.py,cluster._affinity_propagation,,medium,,,10.0,1.0,,,,medium
Architectural,Unstable Dependency,Module 'cluster._agglomerative' has high instability (0.94) with 17 outgoing and 1 incoming dependencies,D:\scoala\RESEARCH_CODE_SMELLS\Dataset Projects\scikit-learn\sklearn\cluster\_agglomerative.py,cluster._agglomerative,,medium,,,17.0,1.0,,,,medium
Architectural,Unstable Dependency,Module 'cluster._bicluster' has high instability (0.93) with 13 outgoing and 1 incoming dependencies,D:\scoala\RESEARCH_CODE_SMELLS\Dataset Projects\scikit-learn\sklearn\metrics\cluster\_bicluster.py,cluster._bicluster,,medium,,,13.0,1.0,,,,medium
Architectural,Unstable Dependency,Module 'cluster._kmeans' has high instability (0.83) with 20 outgoing and 4 incoming dependencies,D:\scoala\RESEARCH_CODE_SMELLS\Dataset Projects\scikit-learn\sklearn\cluster\_kmeans.py,cluster._kmeans,,medium,,,20.0,4.0,,,,hard
Architectural,Unstable Dependency,Module 'cluster._birch' has high instability (0.93) with 13 outgoing and 1 incoming dependencies,D:\scoala\RESEARCH_CODE_SMELLS\Dataset Projects\scikit-learn\sklearn\cluster\_birch.py,cluster._birch,,medium,,,13.0,1.0,,,,medium
Architectural,Unstable Dependency,Module 'cluster._bisect_k_means' has high instability (0.91) with 10 outgoing and 1 incoming dependencies,D:\scoala\RESEARCH_CODE_SMELLS\Dataset Projects\scikit-learn\sklearn\cluster\_bisect_k_means.py,cluster._bisect_k_means,,medium,,,10.0,1.0,,,,medium
Architectural,Unstable Dependency,Module 'cluster._dbscan' has high instability (0.91) with 10 outgoing and 1 incoming dependencies,D:\scoala\RESEARCH_CODE_SMELLS\Dataset Projects\scikit-learn\sklearn\cluster\_dbscan.py,cluster._dbscan,,medium,,,10.0,1.0,,,,medium
Architectural,Unstable Dependency,Module 'cluster._mean_shift' has high instability (0.92) with 12 outgoing and 1 incoming dependencies,D:\scoala\RESEARCH_CODE_SMELLS\Dataset Projects\scikit-learn\sklearn\cluster\_mean_shift.py,cluster._mean_shift,,medium,,,12.0,1.0,,,,medium
Architectural,Unstable Dependency,Module 'cluster._optics' has high instability (0.93) with 13 outgoing and 1 incoming dependencies,D:\scoala\RESEARCH_CODE_SMELLS\Dataset Projects\scikit-learn\sklearn\cluster\_optics.py,cluster._optics,,medium,,,13.0,1.0,,,,medium
Architectural,Unstable Dependency,Module 'cluster._spectral' has high instability (0.93) with 13 outgoing and 1 incoming dependencies,D:\scoala\RESEARCH_CODE_SMELLS\Dataset Projects\scikit-learn\sklearn\cluster\_spectral.py,cluster._spectral,,medium,,,13.0,1.0,,,,medium
Architectural,Unstable Dependency,Module 'manifold._spectral_embedding' has high instability (0.89) with 17 outgoing and 2 incoming dependencies,D:\scoala\RESEARCH_CODE_SMELLS\Dataset Projects\scikit-learn\sklearn\manifold\_spectral_embedding.py,manifold._spectral_embedding,,medium,,,17.0,2.0,,,,medium
Architectural,Unstable Dependency,Module '_hdbscan.hdbscan' has high instability (1.00) with 14 outgoing and 0 incoming dependencies,D:\scoala\RESEARCH_CODE_SMELLS\Dataset Projects\scikit-learn\sklearn\cluster\_hdbscan\hdbscan.py,_hdbscan.hdbscan,,medium,,,14.0,0.0,,,,medium
Architectural,Unstable Dependency,Module 'compose._column_transformer' has high instability (0.96) with 22 outgoing and 1 incoming dependencies,D:\scoala\RESEARCH_CODE_SMELLS\Dataset Projects\scikit-learn\sklearn\compose\_column_transformer.py,compose._column_transformer,,medium,,,22.0,1.0,,,,hard
Architectural,Unstable Dependency,Module 'compose._target' has high instability (0.92) with 11 outgoing and 1 incoming dependencies,D:\scoala\RESEARCH_CODE_SMELLS\Dataset Projects\scikit-learn\sklearn\compose\_target.py,compose._target,,medium,,,11.0,1.0,,,,medium
Architectural,Unstable Dependency,Module 'covariance._elliptic_envelope' has high instability (0.88) with 7 outgoing and 1 incoming dependencies,D:\scoala\RESEARCH_CODE_SMELLS\Dataset Projects\scikit-learn\sklearn\covariance\_elliptic_envelope.py,covariance._elliptic_envelope,,medium,,,7.0,1.0,,,,easy
Architectural,Unstable Dependency,Module 'covariance._robust_covariance' has high instability (0.85) with 11 outgoing and 2 incoming dependencies,D:\scoala\RESEARCH_CODE_SMELLS\Dataset Projects\scikit-learn\sklearn\covariance\_robust_covariance.py,covariance._robust_covariance,,medium,,,11.0,2.0,,,,medium
Architectural,Unstable Dependency,Module 'covariance._empirical_covariance' has high instability (0.83) with 10 outgoing and 2 incoming dependencies,D:\scoala\RESEARCH_CODE_SMELLS\Dataset Projects\scikit-learn\sklearn\covariance\_empirical_covariance.py,covariance._empirical_covariance,,medium,,,10.0,2.0,,,,medium
Architectural,Unstable Dependency,Module 'covariance._graph_lasso' has high instability (0.94) with 16 outgoing and 1 incoming dependencies,D:\scoala\RESEARCH_CODE_SMELLS\Dataset Projects\scikit-learn\sklearn\covariance\_graph_lasso.py,covariance._graph_lasso,,medium,,,16.0,1.0,,,,medium
Architectural,Unstable Dependency,Module 'covariance._shrunk_covariance' has high instability (0.88) with 7 outgoing and 1 incoming dependencies,D:\scoala\RESEARCH_CODE_SMELLS\Dataset Projects\scikit-learn\sklearn\covariance\_shrunk_covariance.py,covariance._shrunk_covariance,,medium,,,7.0,1.0,,,,easy
Architectural,Unstable Dependency,Module 'cross_decomposition._pls' has high instability (0.92) with 11 outgoing and 1 incoming dependencies,D:\scoala\RESEARCH_CODE_SMELLS\Dataset Projects\scikit-learn\sklearn\cross_decomposition\_pls.py,cross_decomposition._pls,,medium,,,11.0,1.0,,,,medium
Architectural,Unstable Dependency,Module 'datasets._arff_parser' has high instability (0.93) with 13 outgoing and 1 incoming dependencies,D:\scoala\RESEARCH_CODE_SMELLS\Dataset Projects\scikit-learn\sklearn\datasets\_arff_parser.py,datasets._arff_parser,,medium,,,13.0,1.0,,,,medium
Architectural,Unstable Dependency,Module 'datasets._california_housing' has high instability (0.91) with 10 outgoing and 1 incoming dependencies,D:\scoala\RESEARCH_CODE_SMELLS\Dataset Projects\scikit-learn\sklearn\datasets\_california_housing.py,datasets._california_housing,,medium,,,10.0,1.0,,,,medium
Architectural,Unstable Dependency,Module 'datasets._covtype' has high instability (0.92) with 11 outgoing and 1 incoming dependencies,D:\scoala\RESEARCH_CODE_SMELLS\Dataset Projects\scikit-learn\sklearn\datasets\_covtype.py,datasets._covtype,,medium,,,11.0,1.0,,,,medium
Architectural,Unstable Dependency,Module 'datasets._kddcup99' has high instability (0.92) with 11 outgoing and 1 incoming dependencies,D:\scoala\RESEARCH_CODE_SMELLS\Dataset Projects\scikit-learn\sklearn\datasets\_kddcup99.py,datasets._kddcup99,,medium,,,11.0,1.0,,,,medium
Architectural,Unstable Dependency,Module 'datasets._lfw' has high instability (0.92) with 12 outgoing and 1 incoming dependencies,D:\scoala\RESEARCH_CODE_SMELLS\Dataset Projects\scikit-learn\sklearn\datasets\_lfw.py,datasets._lfw,,medium,,,12.0,1.0,,,,medium
Architectural,Unstable Dependency,Module 'datasets._olivetti_faces' has high instability (0.90) with 9 outgoing and 1 incoming dependencies,D:\scoala\RESEARCH_CODE_SMELLS\Dataset Projects\scikit-learn\sklearn\datasets\_olivetti_faces.py,datasets._olivetti_faces,,medium,,,9.0,1.0,,,,medium
Architectural,Unstable Dependency,Module 'datasets._openml' has high instability (0.95) with 21 outgoing and 1 incoming dependencies,D:\scoala\RESEARCH_CODE_SMELLS\Dataset Projects\scikit-learn\sklearn\datasets\_openml.py,datasets._openml,,medium,,,21.0,1.0,,,,hard
Architectural,Unstable Dependency,Module 'datasets._rcv1' has high instability (0.92) with 12 outgoing and 1 incoming dependencies,D:\scoala\RESEARCH_CODE_SMELLS\Dataset Projects\scikit-learn\sklearn\datasets\_rcv1.py,datasets._rcv1,,medium,,,12.0,1.0,,,,medium
Architectural,Unstable Dependency,Module 'datasets._svmlight_format_io' has high instability (0.83) with 10 outgoing and 2 incoming dependencies,D:\scoala\RESEARCH_CODE_SMELLS\Dataset Projects\scikit-learn\sklearn\datasets\_svmlight_format_io.py,datasets._svmlight_format_io,,medium,,,10.0,2.0,,,,medium
Architectural,Unstable Dependency,Module 'datasets._samples_generator' has high instability (0.92) with 11 outgoing and 1 incoming dependencies,D:\scoala\RESEARCH_CODE_SMELLS\Dataset Projects\scikit-learn\sklearn\datasets\_samples_generator.py,datasets._samples_generator,,medium,,,11.0,1.0,,,,medium
Architectural,Unstable Dependency,Module 'datasets._species_distributions' has high instability (0.91) with 10 outgoing and 1 incoming dependencies,D:\scoala\RESEARCH_CODE_SMELLS\Dataset Projects\scikit-learn\sklearn\datasets\_species_distributions.py,datasets._species_distributions,,medium,,,10.0,1.0,,,,medium
Architectural,Unstable Dependency,Module 'datasets._twenty_newsgroups' has high instability (0.94) with 17 outgoing and 1 incoming dependencies,D:\scoala\RESEARCH_CODE_SMELLS\Dataset Projects\scikit-learn\sklearn\datasets\_twenty_newsgroups.py,datasets._twenty_newsgroups,,medium,,,17.0,1.0,,,,medium
Architectural,Unstable Dependency,Module 'feature_extraction.text' has high instability (0.95) with 20 outgoing and 1 incoming dependencies,D:\scoala\RESEARCH_CODE_SMELLS\Dataset Projects\scikit-learn\sklearn\feature_extraction\text.py,feature_extraction.text,,medium,,,20.0,1.0,,,,hard
Architectural,Unstable Dependency,Module 'decomposition._dict_learning' has high instability (0.88) with 14 outgoing and 2 incoming dependencies,D:\scoala\RESEARCH_CODE_SMELLS\Dataset Projects\scikit-learn\sklearn\decomposition\_dict_learning.py,decomposition._dict_learning,,medium,,,14.0,2.0,,,,medium
Architectural,Unstable Dependency,Module 'decomposition._factor_analysis' has high instability (0.92) with 11 outgoing and 1 incoming dependencies,D:\scoala\RESEARCH_CODE_SMELLS\Dataset Projects\scikit-learn\sklearn\decomposition\_factor_analysis.py,decomposition._factor_analysis,,medium,,,11.0,1.0,,,,medium
Architectural,Unstable Dependency,Module 'decomposition._fastica' has high instability (0.90) with 9 outgoing and 1 incoming dependencies,D:\scoala\RESEARCH_CODE_SMELLS\Dataset Projects\scikit-learn\sklearn\decomposition\_fastica.py,decomposition._fastica,,medium,,,9.0,1.0,,,,medium
Architectural,Unstable Dependency,Module 'decomposition._incremental_pca' has high instability (0.91) with 10 outgoing and 1 incoming dependencies,D:\scoala\RESEARCH_CODE_SMELLS\Dataset Projects\scikit-learn\sklearn\decomposition\_incremental_pca.py,decomposition._incremental_pca,,medium,,,10.0,1.0,,,,medium
Architectural,Unstable Dependency,Module 'decomposition._kernel_pca' has high instability (0.93) with 13 outgoing and 1 incoming dependencies,D:\scoala\RESEARCH_CODE_SMELLS\Dataset Projects\scikit-learn\sklearn\decomposition\_kernel_pca.py,decomposition._kernel_pca,,medium,,,13.0,1.0,,,,medium
Architectural,Unstable Dependency,Module 'decomposition._lda' has high instability (0.92) with 11 outgoing and 1 incoming dependencies,D:\scoala\RESEARCH_CODE_SMELLS\Dataset Projects\scikit-learn\sklearn\decomposition\_lda.py,decomposition._lda,,medium,,,11.0,1.0,,,,medium
Architectural,Unstable Dependency,Module 'decomposition._nmf' has high instability (0.94) with 17 outgoing and 1 incoming dependencies,D:\scoala\RESEARCH_CODE_SMELLS\Dataset Projects\scikit-learn\sklearn\decomposition\_nmf.py,decomposition._nmf,,medium,,,17.0,1.0,,,,medium
Architectural,Unstable Dependency,Module 'decomposition._pca' has high instability (0.94) with 15 outgoing and 1 incoming dependencies,D:\scoala\RESEARCH_CODE_SMELLS\Dataset Projects\scikit-learn\sklearn\decomposition\_pca.py,decomposition._pca,,medium,,,15.0,1.0,,,,medium
Architectural,Unstable Dependency,Module 'decomposition._sparse_pca' has high instability (0.90) with 9 outgoing and 1 incoming dependencies,D:\scoala\RESEARCH_CODE_SMELLS\Dataset Projects\scikit-learn\sklearn\decomposition\_sparse_pca.py,decomposition._sparse_pca,,medium,,,9.0,1.0,,,,medium
Architectural,Unstable Dependency,Module 'decomposition._truncated_svd' has high instability (0.92) with 11 outgoing and 1 incoming dependencies,D:\scoala\RESEARCH_CODE_SMELLS\Dataset Projects\scikit-learn\sklearn\decomposition\_truncated_svd.py,decomposition._truncated_svd,,medium,,,11.0,1.0,,,,medium
Architectural,Unstable Dependency,Module 'ensemble._bagging' has high instability (0.87) with 20 outgoing and 3 incoming dependencies,D:\scoala\RESEARCH_CODE_SMELLS\Dataset Projects\scikit-learn\sklearn\ensemble\_bagging.py,ensemble._bagging,,medium,,,20.0,3.0,,,,hard
Architectural,Unstable Dependency,Module 'ensemble._forest' has high instability (0.95) with 19 outgoing and 1 incoming dependencies,D:\scoala\RESEARCH_CODE_SMELLS\Dataset Projects\scikit-learn\sklearn\ensemble\_forest.py,ensemble._forest,,medium,,,19.0,1.0,,,,medium
Architectural,Unstable Dependency,Module 'ensemble._gb' has high instability (0.92) with 22 outgoing and 2 incoming dependencies,D:\scoala\RESEARCH_CODE_SMELLS\Dataset Projects\scikit-learn\sklearn\ensemble\_gb.py,ensemble._gb,,medium,,,22.0,2.0,,,,hard
Architectural,Unstable Dependency,Module 'ensemble._iforest' has high instability (0.93) with 14 outgoing and 1 incoming dependencies,D:\scoala\RESEARCH_CODE_SMELLS\Dataset Projects\scikit-learn\sklearn\ensemble\_iforest.py,ensemble._iforest,,medium,,,14.0,1.0,,,,medium
Architectural,Unstable Dependency,Module 'ensemble._stacking' has high instability (0.95) with 19 outgoing and 1 incoming dependencies,D:\scoala\RESEARCH_CODE_SMELLS\Dataset Projects\scikit-learn\sklearn\ensemble\_stacking.py,ensemble._stacking,,medium,,,19.0,1.0,,,,medium
Architectural,Unstable Dependency,Module 'ensemble._voting' has high instability (0.94) with 15 outgoing and 1 incoming dependencies,D:\scoala\RESEARCH_CODE_SMELLS\Dataset Projects\scikit-learn\sklearn\ensemble\_voting.py,ensemble._voting,,medium,,,15.0,1.0,,,,medium
Architectural,Unstable Dependency,Module 'ensemble._weight_boosting' has high instability (0.93) with 13 outgoing and 1 incoming dependencies,D:\scoala\RESEARCH_CODE_SMELLS\Dataset Projects\scikit-learn\sklearn\ensemble\_weight_boosting.py,ensemble._weight_boosting,,medium,,,13.0,1.0,,,,medium
Architectural,Unstable Dependency,Module '_hist_gradient_boosting.binning' has high instability (0.82) with 9 outgoing and 2 incoming dependencies,D:\scoala\RESEARCH_CODE_SMELLS\Dataset Projects\scikit-learn\sklearn\ensemble\_hist_gradient_boosting\binning.py,_hist_gradient_boosting.binning,,medium,,,9.0,2.0,,,,medium
Architectural,Unstable Dependency,Module '_hist_gradient_boosting.gradient_boosting' has high instability (1.00) with 24 outgoing and 0 incoming dependencies,D:\scoala\RESEARCH_CODE_SMELLS\Dataset Projects\scikit-learn\sklearn\ensemble\_hist_gradient_boosting\gradient_boosting.py,_hist_gradient_boosting.gradient_boosting,,medium,,,24.0,0.0,,,,hard
Architectural,Unstable Dependency,Module '_hist_gradient_boosting.grower' has high instability (0.91) with 10 outgoing and 1 incoming dependencies,D:\scoala\RESEARCH_CODE_SMELLS\Dataset Projects\scikit-learn\sklearn\ensemble\_hist_gradient_boosting\grower.py,_hist_gradient_boosting.grower,,medium,,,10.0,1.0,,,,medium
Architectural,Unstable Dependency,Module '_hist_gradient_boosting.utils' has high instability (1.00) with 5 outgoing and 0 incoming dependencies,D:\scoala\RESEARCH_CODE_SMELLS\Dataset Projects\scikit-learn\sklearn\ensemble\_hist_gradient_boosting\utils.py,_hist_gradient_boosting.utils,,medium,,,5.0,0.0,,,,easy
Architectural,Unstable Dependency,Module 'model_selection._search_successive_halving' has high instability (0.86) with 12 outgoing and 2 incoming dependencies,D:\scoala\RESEARCH_CODE_SMELLS\Dataset Projects\scikit-learn\sklearn\model_selection\_search_successive_halving.py,model_selection._search_successive_halving,,medium,,,12.0,2.0,,,,medium
Architectural,Unstable Dependency,Module 'impute._iterative' has high instability (0.90) with 18 outgoing and 2 incoming dependencies,D:\scoala\RESEARCH_CODE_SMELLS\Dataset Projects\scikit-learn\sklearn\impute\_iterative.py,impute._iterative,,medium,,,18.0,2.0,,,,medium
Architectural,Unstable Dependency,Module 'array_api_compat._internal' has high instability (1.00) with 5 outgoing and 0 incoming dependencies,D:\scoala\RESEARCH_CODE_SMELLS\Dataset Projects\scikit-learn\sklearn\externals\array_api_compat\_internal.py,array_api_compat._internal,,medium,,,5.0,0.0,,,,easy
Architectural,Unstable Dependency,Module 'common._helpers' has high instability (0.88) with 21 outgoing and 3 incoming dependencies,D:\scoala\RESEARCH_CODE_SMELLS\Dataset Projects\scikit-learn\sklearn\externals\array_api_compat\common\_helpers.py,common._helpers,,medium,,,21.0,3.0,,,,hard
Architectural,Unstable Dependency,Module 'common._linalg' has high instability (1.00) with 9 outgoing and 0 incoming dependencies,D:\scoala\RESEARCH_CODE_SMELLS\Dataset Projects\scikit-learn\sklearn\externals\array_api_compat\common\_linalg.py,common._linalg,,medium,,,9.0,0.0,,,,medium
Architectural,Unstable Dependency,Module 'cupy.linalg' has high instability (0.83) with 5 outgoing and 1 incoming dependencies,D:\scoala\RESEARCH_CODE_SMELLS\Dataset Projects\scikit-learn\sklearn\externals\array_api_compat\cupy\linalg.py,cupy.linalg,,medium,,,5.0,1.0,,,,easy
Architectural,Unstable Dependency,Module 'array.linalg' has high instability (1.00) with 8 outgoing and 0 incoming dependencies,D:\scoala\RESEARCH_CODE_SMELLS\Dataset Projects\scikit-learn\sklearn\externals\array_api_compat\dask\array\linalg.py,array.linalg,,medium,,,8.0,0.0,,,,easy
Architectural,Unstable Dependency,Module 'array._aliases' has high instability (0.85) with 11 outgoing and 2 incoming dependencies,D:\scoala\RESEARCH_CODE_SMELLS\Dataset Projects\scikit-learn\sklearn\externals\array_api_compat\dask\array\_aliases.py,array._aliases,,medium,,,11.0,2.0,,,,medium
Architectural,Unstable Dependency,Module 'array._info' has high instability (0.83) with 5 outgoing and 1 incoming dependencies,D:\scoala\RESEARCH_CODE_SMELLS\Dataset Projects\scikit-learn\sklearn\externals\array_api_compat\dask\array\_info.py,array._info,,medium,,,5.0,1.0,,,,easy
Architectural,Unstable Dependency,Module 'numpy._aliases' has high instability (0.83) with 10 outgoing and 2 incoming dependencies,D:\scoala\RESEARCH_CODE_SMELLS\Dataset Projects\scikit-learn\sklearn\externals\array_api_compat\numpy\_aliases.py,numpy._aliases,,medium,,,10.0,2.0,,,,medium
Architectural,Unstable Dependency,Module 'torch.fft' has high instability (0.83) with 5 outgoing and 1 incoming dependencies,D:\scoala\RESEARCH_CODE_SMELLS\Dataset Projects\scikit-learn\sklearn\externals\array_api_compat\torch\fft.py,torch.fft,,medium,,,5.0,1.0,,,,easy
Architectural,Unstable Dependency,Module 'torch.linalg' has high instability (0.88) with 7 outgoing and 1 incoming dependencies,D:\scoala\RESEARCH_CODE_SMELLS\Dataset Projects\scikit-learn\sklearn\externals\array_api_compat\torch\linalg.py,torch.linalg,,medium,,,7.0,1.0,,,,easy
Architectural,Unstable Dependency,Module 'torch._aliases' has high instability (0.85) with 11 outgoing and 2 incoming dependencies,D:\scoala\RESEARCH_CODE_SMELLS\Dataset Projects\scikit-learn\sklearn\externals\array_api_compat\torch\_aliases.py,torch._aliases,,medium,,,11.0,2.0,,,,medium
Architectural,Unstable Dependency,Module 'array_api_extra._delegation' has high instability (0.88) with 7 outgoing and 1 incoming dependencies,D:\scoala\RESEARCH_CODE_SMELLS\Dataset Projects\scikit-learn\sklearn\externals\array_api_extra\_delegation.py,array_api_extra._delegation,,medium,,,7.0,1.0,,,,easy
Architectural,Unstable Dependency,Module '_lib._at' has high instability (0.92) with 11 outgoing and 1 incoming dependencies,D:\scoala\RESEARCH_CODE_SMELLS\Dataset Projects\scikit-learn\sklearn\externals\array_api_extra\_lib\_at.py,_lib._at,,medium,,,11.0,1.0,,,,medium
Architectural,Unstable Dependency,Module '_lib._funcs' has high instability (0.83) with 10 outgoing and 2 incoming dependencies,D:\scoala\RESEARCH_CODE_SMELLS\Dataset Projects\scikit-learn\sklearn\externals\array_api_extra\_lib\_funcs.py,_lib._funcs,,medium,,,10.0,2.0,,,,medium
Architectural,Unstable Dependency,Module '_lib._backends' has high instability (0.83) with 5 outgoing and 1 incoming dependencies,D:\scoala\RESEARCH_CODE_SMELLS\Dataset Projects\scikit-learn\sklearn\externals\array_api_extra\_lib\_backends.py,_lib._backends,,medium,,,5.0,1.0,,,,easy
Architectural,Unstable Dependency,Module '_lib._lazy' has high instability (1.00) with 15 outgoing and 0 incoming dependencies,D:\scoala\RESEARCH_CODE_SMELLS\Dataset Projects\scikit-learn\sklearn\externals\array_api_extra\_lib\_lazy.py,_lib._lazy,,medium,,,15.0,0.0,,,,medium
Architectural,Unstable Dependency,Module '_utils._helpers' has high instability (1.00) with 8 outgoing and 0 incoming dependencies,D:\scoala\RESEARCH_CODE_SMELLS\Dataset Projects\scikit-learn\sklearn\externals\array_api_extra\_lib\_utils\_helpers.py,_utils._helpers,,medium,,,8.0,0.0,,,,easy
Architectural,Unstable Dependency,Module '_packaging.version' has high instability (1.00) with 6 outgoing and 0 incoming dependencies,D:\scoala\RESEARCH_CODE_SMELLS\Dataset Projects\scikit-learn\sklearn\externals\_packaging\version.py,_packaging.version,,medium,,,6.0,0.0,,,,easy
Architectural,Unstable Dependency,Module 'feature_extraction.image' has high instability (0.90) with 9 outgoing and 1 incoming dependencies,D:\scoala\RESEARCH_CODE_SMELLS\Dataset Projects\scikit-learn\sklearn\feature_extraction\image.py,feature_extraction.image,,medium,,,9.0,1.0,,,,medium
Architectural,Unstable Dependency,Module 'feature_extraction._dict_vectorizer' has high instability (0.91) with 10 outgoing and 1 incoming dependencies,D:\scoala\RESEARCH_CODE_SMELLS\Dataset Projects\scikit-learn\sklearn\feature_extraction\_dict_vectorizer.py,feature_extraction._dict_vectorizer,,medium,,,10.0,1.0,,,,medium
Architectural,Unstable Dependency,Module 'feature_selection._from_model' has high instability (0.92) with 11 outgoing and 1 incoming dependencies,D:\scoala\RESEARCH_CODE_SMELLS\Dataset Projects\scikit-learn\sklearn\feature_selection\_from_model.py,feature_selection._from_model,,medium,,,11.0,1.0,,,,medium
Architectural,Unstable Dependency,Module 'feature_selection._mutual_info' has high instability (0.92) with 12 outgoing and 1 incoming dependencies,D:\scoala\RESEARCH_CODE_SMELLS\Dataset Projects\scikit-learn\sklearn\feature_selection\_mutual_info.py,feature_selection._mutual_info,,medium,,,12.0,1.0,,,,medium
Architectural,Unstable Dependency,Module 'feature_selection._rfe' has high instability (0.94) with 17 outgoing and 1 incoming dependencies,D:\scoala\RESEARCH_CODE_SMELLS\Dataset Projects\scikit-learn\sklearn\feature_selection\_rfe.py,feature_selection._rfe,,medium,,,17.0,1.0,,,,medium
Architectural,Unstable Dependency,Module 'feature_selection._sequential' has high instability (0.91) with 10 outgoing and 1 incoming dependencies,D:\scoala\RESEARCH_CODE_SMELLS\Dataset Projects\scikit-learn\sklearn\feature_selection\_sequential.py,feature_selection._sequential,,medium,,,10.0,1.0,,,,medium
Architectural,Unstable Dependency,Module 'feature_selection._univariate_selection' has high instability (0.92) with 12 outgoing and 1 incoming dependencies,D:\scoala\RESEARCH_CODE_SMELLS\Dataset Projects\scikit-learn\sklearn\feature_selection\_univariate_selection.py,feature_selection._univariate_selection,,medium,,,12.0,1.0,,,,medium
Architectural,Unstable Dependency,Module 'feature_selection._variance_threshold' has high instability (0.88) with 7 outgoing and 1 incoming dependencies,D:\scoala\RESEARCH_CODE_SMELLS\Dataset Projects\scikit-learn\sklearn\feature_selection\_variance_threshold.py,feature_selection._variance_threshold,,medium,,,7.0,1.0,,,,easy
Architectural,Unstable Dependency,Module 'frozen._frozen' has high instability (0.86) with 6 outgoing and 1 incoming dependencies,D:\scoala\RESEARCH_CODE_SMELLS\Dataset Projects\scikit-learn\sklearn\frozen\_frozen.py,frozen._frozen,,medium,,,6.0,1.0,,,,easy
Architectural,Unstable Dependency,Module 'gaussian_process._gpc' has high instability (0.93) with 14 outgoing and 1 incoming dependencies,D:\scoala\RESEARCH_CODE_SMELLS\Dataset Projects\scikit-learn\sklearn\gaussian_process\_gpc.py,gaussian_process._gpc,,medium,,,14.0,1.0,,,,medium
Architectural,Unstable Dependency,Module 'gaussian_process._gpr' has high instability (0.93) with 13 outgoing and 1 incoming dependencies,D:\scoala\RESEARCH_CODE_SMELLS\Dataset Projects\scikit-learn\sklearn\gaussian_process\_gpr.py,gaussian_process._gpr,,medium,,,13.0,1.0,,,,medium
Architectural,Unstable Dependency,Module 'preprocessing._data' has high instability (0.89) with 16 outgoing and 2 incoming dependencies,D:\scoala\RESEARCH_CODE_SMELLS\Dataset Projects\scikit-learn\sklearn\preprocessing\_data.py,preprocessing._data,,medium,,,16.0,2.0,,,,medium
Architectural,Unstable Dependency,Module 'impute._base' has high instability (0.83) with 15 outgoing and 3 incoming dependencies,D:\scoala\RESEARCH_CODE_SMELLS\Dataset Projects\scikit-learn\sklearn\impute\_base.py,impute._base,,medium,,,15.0,3.0,,,,medium
Architectural,Unstable Dependency,Module 'impute._knn' has high instability (0.92) with 11 outgoing and 1 incoming dependencies,D:\scoala\RESEARCH_CODE_SMELLS\Dataset Projects\scikit-learn\sklearn\impute\_knn.py,impute._knn,,medium,,,11.0,1.0,,,,medium
Architectural,Unstable Dependency,Module 'inspection._partial_dependence' has high instability (0.95) with 18 outgoing and 1 incoming dependencies,D:\scoala\RESEARCH_CODE_SMELLS\Dataset Projects\scikit-learn\sklearn\inspection\_partial_dependence.py,inspection._partial_dependence,,medium,,,18.0,1.0,,,,medium
Architectural,Unstable Dependency,Module 'inspection._permutation_importance' has high instability (0.89) with 8 outgoing and 1 incoming dependencies,D:\scoala\RESEARCH_CODE_SMELLS\Dataset Projects\scikit-learn\sklearn\inspection\_permutation_importance.py,inspection._permutation_importance,,medium,,,8.0,1.0,,,,easy
Architectural,Unstable Dependency,Module '_plot.decision_boundary' has high instability (1.00) with 11 outgoing and 0 incoming dependencies,D:\scoala\RESEARCH_CODE_SMELLS\Dataset Projects\scikit-learn\sklearn\inspection\_plot\decision_boundary.py,_plot.decision_boundary,,medium,,,11.0,0.0,,,,medium
Architectural,Unstable Dependency,Module '_plot.partial_dependence' has high instability (1.00) with 16 outgoing and 0 incoming dependencies,D:\scoala\RESEARCH_CODE_SMELLS\Dataset Projects\scikit-learn\sklearn\inspection\_plot\partial_dependence.py,_plot.partial_dependence,,medium,,,16.0,0.0,,,,medium
Architectural,Unstable Dependency,Module 'linear_model._bayes' has high instability (0.92) with 11 outgoing and 1 incoming dependencies,D:\scoala\RESEARCH_CODE_SMELLS\Dataset Projects\scikit-learn\sklearn\linear_model\_bayes.py,linear_model._bayes,,medium,,,11.0,1.0,,,,medium
Architectural,Unstable Dependency,Module 'linear_model._coordinate_descent' has high instability (0.95) with 19 outgoing and 1 incoming dependencies,D:\scoala\RESEARCH_CODE_SMELLS\Dataset Projects\scikit-learn\sklearn\linear_model\_coordinate_descent.py,linear_model._coordinate_descent,,medium,,,19.0,1.0,,,,medium
Architectural,Unstable Dependency,Module 'linear_model._huber' has high instability (0.92) with 11 outgoing and 1 incoming dependencies,D:\scoala\RESEARCH_CODE_SMELLS\Dataset Projects\scikit-learn\sklearn\linear_model\_huber.py,linear_model._huber,,medium,,,11.0,1.0,,,,medium
Architectural,Unstable Dependency,Module 'linear_model._least_angle' has high instability (0.94) with 16 outgoing and 1 incoming dependencies,D:\scoala\RESEARCH_CODE_SMELLS\Dataset Projects\scikit-learn\sklearn\linear_model\_least_angle.py,linear_model._least_angle,,medium,,,16.0,1.0,,,,medium
Architectural,Unstable Dependency,Module 'linear_model._logistic' has high instability (0.96) with 25 outgoing and 1 incoming dependencies,D:\scoala\RESEARCH_CODE_SMELLS\Dataset Projects\scikit-learn\sklearn\linear_model\_logistic.py,linear_model._logistic,,medium,,,25.0,1.0,,,,hard
Architectural,Unstable Dependency,Module 'svm._base' has high instability (0.88) with 14 outgoing and 2 incoming dependencies,D:\scoala\RESEARCH_CODE_SMELLS\Dataset Projects\scikit-learn\sklearn\svm\_base.py,svm._base,,medium,,,14.0,2.0,,,,medium
Architectural,Unstable Dependency,Module 'linear_model._omp' has high instability (0.93) with 14 outgoing and 1 incoming dependencies,D:\scoala\RESEARCH_CODE_SMELLS\Dataset Projects\scikit-learn\sklearn\linear_model\_omp.py,linear_model._omp,,medium,,,14.0,1.0,,,,medium
Architectural,Unstable Dependency,Module 'linear_model._stochastic_gradient' has high instability (0.85) with 17 outgoing and 3 incoming dependencies,D:\scoala\RESEARCH_CODE_SMELLS\Dataset Projects\scikit-learn\sklearn\linear_model\_stochastic_gradient.py,linear_model._stochastic_gradient,,medium,,,17.0,3.0,,,,medium
Architectural,Unstable Dependency,Module 'linear_model._quantile' has high instability (0.92) with 12 outgoing and 1 incoming dependencies,D:\scoala\RESEARCH_CODE_SMELLS\Dataset Projects\scikit-learn\sklearn\linear_model\_quantile.py,linear_model._quantile,,medium,,,12.0,1.0,,,,medium
Architectural,Unstable Dependency,Module 'linear_model._ransac' has high instability (0.92) with 12 outgoing and 1 incoming dependencies,D:\scoala\RESEARCH_CODE_SMELLS\Dataset Projects\scikit-learn\sklearn\linear_model\_ransac.py,linear_model._ransac,,medium,,,12.0,1.0,,,,medium
Architectural,Unstable Dependency,Module 'linear_model._ridge' has high instability (0.96) with 23 outgoing and 1 incoming dependencies,D:\scoala\RESEARCH_CODE_SMELLS\Dataset Projects\scikit-learn\sklearn\linear_model\_ridge.py,linear_model._ridge,,medium,,,23.0,1.0,,,,hard
Architectural,Unstable Dependency,Module 'linear_model._theil_sen' has high instability (0.94) with 15 outgoing and 1 incoming dependencies,D:\scoala\RESEARCH_CODE_SMELLS\Dataset Projects\scikit-learn\sklearn\linear_model\_theil_sen.py,linear_model._theil_sen,,medium,,,15.0,1.0,,,,medium
Architectural,Unstable Dependency,Module '_glm.glm' has high instability (0.93) with 13 outgoing and 1 incoming dependencies,D:\scoala\RESEARCH_CODE_SMELLS\Dataset Projects\scikit-learn\sklearn\linear_model\_glm\glm.py,_glm.glm,,medium,,,13.0,1.0,,,,medium
Architectural,Unstable Dependency,Module '_glm._newton_solver' has high instability (0.91) with 10 outgoing and 1 incoming dependencies,D:\scoala\RESEARCH_CODE_SMELLS\Dataset Projects\scikit-learn\sklearn\linear_model\_glm\_newton_solver.py,_glm._newton_solver,,medium,,,10.0,1.0,,,,medium
Architectural,Unstable Dependency,Module 'manifold._isomap' has high instability (0.93) with 13 outgoing and 1 incoming dependencies,D:\scoala\RESEARCH_CODE_SMELLS\Dataset Projects\scikit-learn\sklearn\manifold\_isomap.py,manifold._isomap,,medium,,,13.0,1.0,,,,medium
Architectural,Unstable Dependency,Module 'manifold._locally_linear' has high instability (0.92) with 12 outgoing and 1 incoming dependencies,D:\scoala\RESEARCH_CODE_SMELLS\Dataset Projects\scikit-learn\sklearn\manifold\_locally_linear.py,manifold._locally_linear,,medium,,,12.0,1.0,,,,medium
Architectural,Unstable Dependency,Module 'manifold._mds' has high instability (0.92) with 11 outgoing and 1 incoming dependencies,D:\scoala\RESEARCH_CODE_SMELLS\Dataset Projects\scikit-learn\sklearn\manifold\_mds.py,manifold._mds,,medium,,,11.0,1.0,,,,medium
Architectural,Unstable Dependency,Module 'manifold._t_sne' has high instability (0.93) with 14 outgoing and 1 incoming dependencies,D:\scoala\RESEARCH_CODE_SMELLS\Dataset Projects\scikit-learn\sklearn\manifold\_t_sne.py,manifold._t_sne,,medium,,,14.0,1.0,,,,medium
Architectural,Unstable Dependency,Module 'metrics._classification' has high instability (0.93) with 14 outgoing and 1 incoming dependencies,D:\scoala\RESEARCH_CODE_SMELLS\Dataset Projects\scikit-learn\sklearn\metrics\_classification.py,metrics._classification,,medium,,,14.0,1.0,,,,medium
Architectural,Unstable Dependency,Module 'metrics._ranking' has high instability (0.94) with 17 outgoing and 1 incoming dependencies,D:\scoala\RESEARCH_CODE_SMELLS\Dataset Projects\scikit-learn\sklearn\metrics\_ranking.py,metrics._ranking,,medium,,,17.0,1.0,,,,medium
Architectural,Unstable Dependency,Module 'metrics._regression' has high instability (0.89) with 8 outgoing and 1 incoming dependencies,D:\scoala\RESEARCH_CODE_SMELLS\Dataset Projects\scikit-learn\sklearn\metrics\_regression.py,metrics._regression,,medium,,,8.0,1.0,,,,easy
Architectural,Unstable Dependency,Module 'cluster._supervised' has high instability (0.91) with 10 outgoing and 1 incoming dependencies,D:\scoala\RESEARCH_CODE_SMELLS\Dataset Projects\scikit-learn\sklearn\metrics\cluster\_supervised.py,cluster._supervised,,medium,,,10.0,1.0,,,,medium
Architectural,Unstable Dependency,Module 'cluster._unsupervised' has high instability (0.90) with 9 outgoing and 1 incoming dependencies,D:\scoala\RESEARCH_CODE_SMELLS\Dataset Projects\scikit-learn\sklearn\metrics\cluster\_unsupervised.py,cluster._unsupervised,,medium,,,9.0,1.0,,,,medium
Architectural,Unstable Dependency,Module '_pairwise_distances_reduction._dispatcher' has high instability (0.91) with 10 outgoing and 1 incoming dependencies,D:\scoala\RESEARCH_CODE_SMELLS\Dataset Projects\scikit-learn\sklearn\metrics\_pairwise_distances_reduction\_dispatcher.py,_pairwise_distances_reduction._dispatcher,,medium,,,10.0,1.0,,,,medium
Architectural,Unstable Dependency,Module '_plot.confusion_matrix' has high instability (1.00) with 7 outgoing and 0 incoming dependencies,D:\scoala\RESEARCH_CODE_SMELLS\Dataset Projects\scikit-learn\sklearn\metrics\_plot\confusion_matrix.py,_plot.confusion_matrix,,medium,,,7.0,0.0,,,,easy
Architectural,Unstable Dependency,Module '_plot.regression' has high instability (1.00) with 6 outgoing and 0 incoming dependencies,D:\scoala\RESEARCH_CODE_SMELLS\Dataset Projects\scikit-learn\sklearn\metrics\_plot\regression.py,_plot.regression,,medium,,,6.0,0.0,,,,easy
Architectural,Unstable Dependency,Module 'mixture._base' has high instability (0.86) with 12 outgoing and 2 incoming dependencies,D:\scoala\RESEARCH_CODE_SMELLS\Dataset Projects\scikit-learn\sklearn\mixture\_base.py,mixture._base,,medium,,,12.0,2.0,,,,medium
Architectural,Unstable Dependency,Module 'mixture._bayesian_mixture' has high instability (0.89) with 8 outgoing and 1 incoming dependencies,D:\scoala\RESEARCH_CODE_SMELLS\Dataset Projects\scikit-learn\sklearn\mixture\_bayesian_mixture.py,mixture._bayesian_mixture,,medium,,,8.0,1.0,,,,easy
Architectural,Unstable Dependency,Module 'model_selection._classification_threshold' has high instability (0.94) with 16 outgoing and 1 incoming dependencies,D:\scoala\RESEARCH_CODE_SMELLS\Dataset Projects\scikit-learn\sklearn\model_selection\_classification_threshold.py,model_selection._classification_threshold,,medium,,,16.0,1.0,,,,medium
Architectural,Unstable Dependency,Module 'model_selection._plot' has high instability (0.83) with 5 outgoing and 1 incoming dependencies,D:\scoala\RESEARCH_CODE_SMELLS\Dataset Projects\scikit-learn\sklearn\model_selection\_plot.py,model_selection._plot,,medium,,,5.0,1.0,,,,easy
Architectural,Unstable Dependency,Module 'model_selection._search' has high instability (0.94) with 29 outgoing and 2 incoming dependencies,D:\scoala\RESEARCH_CODE_SMELLS\Dataset Projects\scikit-learn\sklearn\model_selection\_search.py,model_selection._search,,medium,,,29.0,2.0,,,,hard
Architectural,Unstable Dependency,Module 'neighbors._classification' has high instability (0.92) with 12 outgoing and 1 incoming dependencies,D:\scoala\RESEARCH_CODE_SMELLS\Dataset Projects\scikit-learn\sklearn\neighbors\_classification.py,neighbors._classification,,medium,,,12.0,1.0,,,,medium
Architectural,Unstable Dependency,Module 'neighbors._graph' has high instability (0.86) with 6 outgoing and 1 incoming dependencies,D:\scoala\RESEARCH_CODE_SMELLS\Dataset Projects\scikit-learn\sklearn\neighbors\_graph.py,neighbors._graph,,medium,,,6.0,1.0,,,,easy
Architectural,Unstable Dependency,Module 'neighbors._kde' has high instability (0.92) with 12 outgoing and 1 incoming dependencies,D:\scoala\RESEARCH_CODE_SMELLS\Dataset Projects\scikit-learn\sklearn\neighbors\_kde.py,neighbors._kde,,medium,,,12.0,1.0,,,,medium
Architectural,Unstable Dependency,Module 'neighbors._lof' has high instability (0.90) with 9 outgoing and 1 incoming dependencies,D:\scoala\RESEARCH_CODE_SMELLS\Dataset Projects\scikit-learn\sklearn\neighbors\_lof.py,neighbors._lof,,medium,,,9.0,1.0,,,,medium
Architectural,Unstable Dependency,Module 'neighbors._nca' has high instability (0.95) with 18 outgoing and 1 incoming dependencies,D:\scoala\RESEARCH_CODE_SMELLS\Dataset Projects\scikit-learn\sklearn\neighbors\_nca.py,neighbors._nca,,medium,,,18.0,1.0,,,,medium
Architectural,Unstable Dependency,Module 'neighbors._nearest_centroid' has high instability (0.93) with 14 outgoing and 1 incoming dependencies,D:\scoala\RESEARCH_CODE_SMELLS\Dataset Projects\scikit-learn\sklearn\neighbors\_nearest_centroid.py,neighbors._nearest_centroid,,medium,,,14.0,1.0,,,,medium
Architectural,Unstable Dependency,Module 'neighbors._regression' has high instability (0.86) with 6 outgoing and 1 incoming dependencies,D:\scoala\RESEARCH_CODE_SMELLS\Dataset Projects\scikit-learn\sklearn\neighbors\_regression.py,neighbors._regression,,medium,,,6.0,1.0,,,,easy
Architectural,Unstable Dependency,Module 'neural_network._multilayer_perceptron' has high instability (0.95) with 21 outgoing and 1 incoming dependencies,D:\scoala\RESEARCH_CODE_SMELLS\Dataset Projects\scikit-learn\sklearn\neural_network\_multilayer_perceptron.py,neural_network._multilayer_perceptron,,medium,,,21.0,1.0,,,,hard
Architectural,Unstable Dependency,Module 'neural_network._rbm' has high instability (0.91) with 10 outgoing and 1 incoming dependencies,D:\scoala\RESEARCH_CODE_SMELLS\Dataset Projects\scikit-learn\sklearn\neural_network\_rbm.py,neural_network._rbm,,medium,,,10.0,1.0,,,,medium
Architectural,Unstable Dependency,Module 'preprocessing._discretization' has high instability (0.91) with 10 outgoing and 1 incoming dependencies,D:\scoala\RESEARCH_CODE_SMELLS\Dataset Projects\scikit-learn\sklearn\preprocessing\_discretization.py,preprocessing._discretization,,medium,,,10.0,1.0,,,,medium
Architectural,Unstable Dependency,Module 'preprocessing._function_transformer' has high instability (0.90) with 9 outgoing and 1 incoming dependencies,D:\scoala\RESEARCH_CODE_SMELLS\Dataset Projects\scikit-learn\sklearn\preprocessing\_function_transformer.py,preprocessing._function_transformer,,medium,,,9.0,1.0,,,,medium
Architectural,Unstable Dependency,Module 'preprocessing._label' has high instability (0.94) with 15 outgoing and 1 incoming dependencies,D:\scoala\RESEARCH_CODE_SMELLS\Dataset Projects\scikit-learn\sklearn\preprocessing\_label.py,preprocessing._label,,medium,,,15.0,1.0,,,,medium
Architectural,Unstable Dependency,Module 'preprocessing._polynomial' has high instability (0.93) with 14 outgoing and 1 incoming dependencies,D:\scoala\RESEARCH_CODE_SMELLS\Dataset Projects\scikit-learn\sklearn\preprocessing\_polynomial.py,preprocessing._polynomial,,medium,,,14.0,1.0,,,,medium
Architectural,Unstable Dependency,Module 'preprocessing._target_encoder' has high instability (0.91) with 10 outgoing and 1 incoming dependencies,D:\scoala\RESEARCH_CODE_SMELLS\Dataset Projects\scikit-learn\sklearn\preprocessing\_target_encoder.py,preprocessing._target_encoder,,medium,,,10.0,1.0,,,,medium
Architectural,Unstable Dependency,Module 'semi_supervised._label_propagation' has high instability (0.93) with 14 outgoing and 1 incoming dependencies,D:\scoala\RESEARCH_CODE_SMELLS\Dataset Projects\scikit-learn\sklearn\semi_supervised\_label_propagation.py,semi_supervised._label_propagation,,medium,,,14.0,1.0,,,,medium
Architectural,Unstable Dependency,Module 'semi_supervised._self_training' has high instability (0.90) with 9 outgoing and 1 incoming dependencies,D:\scoala\RESEARCH_CODE_SMELLS\Dataset Projects\scikit-learn\sklearn\semi_supervised\_self_training.py,semi_supervised._self_training,,medium,,,9.0,1.0,,,,medium
Architectural,Unstable Dependency,Module 'svm._bounds' has high instability (0.86) with 6 outgoing and 1 incoming dependencies,D:\scoala\RESEARCH_CODE_SMELLS\Dataset Projects\scikit-learn\sklearn\svm\_bounds.py,svm._bounds,,medium,,,6.0,1.0,,,,easy
Architectural,Unstable Dependency,Module 'svm._classes' has high instability (0.89) with 8 outgoing and 1 incoming dependencies,D:\scoala\RESEARCH_CODE_SMELLS\Dataset Projects\scikit-learn\sklearn\svm\_classes.py,svm._classes,,medium,,,8.0,1.0,,,,easy
Architectural,Unstable Dependency,Module 'tree._classes' has high instability (0.94) with 16 outgoing and 1 incoming dependencies,D:\scoala\RESEARCH_CODE_SMELLS\Dataset Projects\scikit-learn\sklearn\tree\_classes.py,tree._classes,,medium,,,16.0,1.0,,,,medium
Architectural,Unstable Dependency,Module 'tree._export' has high instability (0.91) with 10 outgoing and 1 incoming dependencies,D:\scoala\RESEARCH_CODE_SMELLS\Dataset Projects\scikit-learn\sklearn\tree\_export.py,tree._export,,medium,,,10.0,1.0,,,,medium
Architectural,Unstable Dependency,Module 'utils.class_weight' has high instability (0.83) with 5 outgoing and 1 incoming dependencies,D:\scoala\RESEARCH_CODE_SMELLS\Dataset Projects\scikit-learn\sklearn\utils\class_weight.py,utils.class_weight,,medium,,,5.0,1.0,,,,easy
Architectural,Unstable Dependency,Module 'utils.discovery' has high instability (0.88) with 7 outgoing and 1 incoming dependencies,D:\scoala\RESEARCH_CODE_SMELLS\Dataset Projects\scikit-learn\sklearn\utils\discovery.py,utils.discovery,,medium,,,7.0,1.0,,,,easy
Architectural,Unstable Dependency,Module 'utils.estimator_checks' has high instability (1.00) with 38 outgoing and 0 incoming dependencies,D:\scoala\RESEARCH_CODE_SMELLS\Dataset Projects\scikit-learn\sklearn\utils\estimator_checks.py,utils.estimator_checks,,medium,,,38.0,0.0,,,,hard
Architectural,Unstable Dependency,Module 'utils._mocking' has high instability (1.00) with 5 outgoing and 0 incoming dependencies,D:\scoala\RESEARCH_CODE_SMELLS\Dataset Projects\scikit-learn\sklearn\utils\_mocking.py,utils._mocking,,medium,,,5.0,0.0,,,,easy
Architectural,Unstable Dependency,Module 'utils._pprint' has high instability (1.00) with 5 outgoing and 0 incoming dependencies,D:\scoala\RESEARCH_CODE_SMELLS\Dataset Projects\scikit-learn\sklearn\utils\_pprint.py,utils._pprint,,medium,,,5.0,0.0,,,,easy
Architectural,Unstable Dependency,Module 'utils._show_versions' has high instability (1.00) with 5 outgoing and 0 incoming dependencies,D:\scoala\RESEARCH_CODE_SMELLS\Dataset Projects\scikit-learn\sklearn\utils\_show_versions.py,utils._show_versions,,medium,,,5.0,0.0,,,,easy
Architectural,Unstable Dependency,Module '_repr_html.estimator' has high instability (1.00) with 8 outgoing and 0 incoming dependencies,D:\scoala\RESEARCH_CODE_SMELLS\Dataset Projects\scikit-learn\sklearn\utils\_repr_html\estimator.py,_repr_html.estimator,,medium,,,8.0,0.0,,,,easy
Architectural,Unstable Dependency,Module '_loss.link' has high instability (0.86) with 6 outgoing and 1 incoming dependencies,D:\scoala\RESEARCH_CODE_SMELLS\Dataset Projects\scikit-learn\sklearn\_loss\link.py,_loss.link,,medium,,,6.0,1.0,,,,easy
